player,rumuoured_club
Srdjan Grahovac,HNK Rijeka
Ricardo Laborde,APOEL Nicosia
N. Bendtner,FC Girondins Bordeaux
T. Solomon,Omonia Nicosia
Oliver McBurnie,Sunderland AFC
Jordan Hugill,West Ham United
Andy King,Swansea City
E. Mangala,Everton FC
Dante Stipica,AC Sparta Praha
Marin Leovac,HNK Rijeka
Darko Velkovski,HNK Rijeka
Rafik Guitane,Stade Rennais FC
Chung-Yong Lee,Bolton Wanderers
Chris Martin,Reading FC
S. Langkamp,SV Werder Bremen
Robert Gumny,Borussia Mönchengladbach
Mihailo Ristic,AC Sparta Praha
Daley Blind,AS Roma
Ibrahim Amadou,West Ham United
E. Mangala,Newcastle United
Halil Altintop,1.FC Kaiserslautern
Viktor Fischer,FC Copenhagen
Milot Rashica,SV Werder Bremen
Quincy Promes,Southampton FC
Riyad Mahrez,Manchester City
Olivier Giroud,Chelsea FC
Josip Drmic,Grasshopper Club Zurich
Davy Klaassen,SSC Napoli
Davy Klaassen,Inter Milan
Marc Bartra,Real Betis Balompié
Admir Mehmedi,VfL Wolfsburg
E. Martínez,Leeds United
Muhamed Besic,Middlesbrough FC
Mikel Merino,Athletic Bilbao
L. Dendoncker,Watford FC
A. Zambo Anguissa,Watford FC
F. Llorente,Chelsea FC
D. Sturridge,West Bromwich Albion
I. Martínez,Athletic Bilbao
Stefano Okaka,Fulham FC
Lazar Markovic,Swansea City
Lazar Markovic,VfL Wolfsburg
Ibrahima Tandia,Slaven Belupo Koprivnica
Izet Hajrovic,GNK Dinamo Zagreb
Martin Dubravka,Newcastle United
M. Krmencik,Newcastle United
Marc Bartra,Manchester United
Arturo Vidal,Manchester United
M. Schneiderlin,West Ham United
Gerard Deulofeu,Watford FC
Connor Mahoney,Barnsley FC
Roque Mesa,Sevilla FC
Gustav Engvall,1.FC Kaiserslautern
Ashley Barnes,Crystal Palace
Tommy Elphick,Reading FC
Danny Ings,West Ham United
Krystian Bielik,1.FC Kaiserslautern
M. Braithwaite,SV Werder Bremen
M. Braithwaite,VfL Wolfsburg
F. Nascimento,Levski Sofia
Graziano Pellè,West Ham United
C. Musonda Jr.,Celtic FC
Eros Grezda,GNK Dinamo Zagreb
E. Soudani,Nottingham Forest
Matej Mitrovic,Club Brugge KV
Z. Ibrahimovic,Los Angeles Galaxy
Z. Ibrahimovic,Los Angeles Galaxy
Bacary Sagna,Benevento Calcio
Bruno Alves,Benevento Calcio
Mathieu Flamini,Getafe CF
Tim Cahill,Queens Park Rangers
Richmond Boakye,Crystal Palace
Richmond Boakye,Newcastle United
Leonardo Ulloa,Brighton &amp;amp; Hove Albion
Mix Diskerud,Manchester City
Eden Hazard,Manchester City
Luan,Newcastle United
Trezeguet,El Ahly Cairo
Trezeguet,El Ahly Cairo
Harry Spratt,Huddersfield Town U23
Y. Carrasco,Juventus FC
Pietro Pellegri,AS Monaco
M. Brozovic,Everton FC
A. Mitrovic,RSC Anderlecht
João Palhinha,Swansea City
Andy Lonergan,Sunderland AFC
Tim Cahill,Nottingham Forest
Scott McKenna,Aston Villa
Kevin Vogt,Everton FC
Trent Sainsbury,GNK Dinamo Zagreb
Arthur Masuaku,AS Roma
Layvin Kurzawa,Chelsea FC
A. Romero,HNK Rijeka
V. Lisakovich,GNK Dinamo Zagreb
Franck Ohandza,Qarabag Agdam
Pontus Dahlberg,Watford FC
Tom Cairney,West Ham United
Sandro Ramírez,Sevilla FC
Mathieu Flamini,Getafe CF
Tony Gallacher,Liverpool FC U23
Pietro Pellegri,Juventus FC
D. McGoldrick,Cardiff City
James Maddison,West Ham United
Johan Djourou,Swansea City
Charlie Wyke,Leeds United
Jack Rodwell,Vitesse Arnhem
Mateo Kovacic,Manchester United
Faouzi Ghoulam,Manchester United
Valeri Bojinov,HNK Rijeka
N. Maksimovic,Spartak Moscow
S. Zurkowski,ACF Fiorentina
L. Martínez,Inter Milan
C. Marchisio,Montreal Impact
Harry Spratt,Huddersfield Town U23
Enzo Crivelli,Aston Villa
Sandro Ramírez,Newcastle United
Maycon,Arsenal FC
Sergio Agüero,Atlético Madrid
Aleix Vidal,AS Roma
Bacary Sagna,Benevento Calcio
Benik Afobe,West Bromwich Albion
N. Jörgensen,Newcastle United
Aden Flint,Brighton &amp;amp; Hove Albion
Lazar Markovic,Lokomotiv Moscow
Diafra Sakho,FC Girondins Bordeaux
S. Gustafson,HNK Rijeka
Ali Gabr,West Bromwich Albion
D. Sturridge,Inter Milan
Tin Jedvaj,GNK Dinamo Zagreb
D. Sturridge,Valencia CF
A. Schürrle,West Bromwich Albion
T. Courtois,Paris Saint-Germain
Mërgim Mavraj,Fenerbahce SK
Naser Aliji,Grasshopper Club Zurich
Hekuran Kryeziu,Bologna FC 1909
Lucas,SSC Napoli
Cristiano Ronaldo,Accrington Stanley
Abdou Diallo,Arsenal FC
Edon Zhegrova,Kosovo U21
T. Courtois,Atlético Madrid
Edon Zhegrova,Albania
Edon Zhegrova,Albania
Milot Rashica,VfB Stuttgart
Tim Cahill,Millwall FC
Moise Kean,Leeds United
Kévin Gameiro,Newcastle United
Bersant Celina,SV Werder Bremen
Hekuran Kryeziu,UC Sampdoria
J. Stanislas,Newcastle United
Joe Bryan,Everton FC
Jack Harrison,Stoke City
M. Arnautovic,Chelsea FC
Ashley Barnes,Chelsea FC
Serdar Tasci,SV Werder Bremen
Harry Kane,Real Madrid
Kenny McLean,Norwich City
Gerard Deulofeu,West Ham United
Nikola Moro,Shakhtar Donetsk
Étienne Capoue,Torino FC
Jaroslaw Jach,Crystal Palace
Éder,Crystal Palace
Aaron Lennon,Burnley FC
Chris Martin,Sunderland AFC
D. Sturridge,AS Roma
Quincy Promes,Southampton FC
André Ayew wants,rejoin Olympique Marseille
Nicolae Stanciu,AC Sparta Praha
Lucas,Tottenham Hotspur
Amin Younes,Swansea City
Jürgen Locadia,Brighton &amp;amp; Hove Albion
Swansea City want,re-sign André Ayew
Peter Crouch,Chelsea FC
Vinícius,SSC Napoli
Milan Badelj,AS Roma
Steliano Filip,HNK Hajduk Split
Martin Chrien,HNK Hajduk Split
Ivica Ivusic,Olympiacos Piraeus
Filip Bradaric,AC Milan
Dario Zuparic,Celtic FC
Danny Welbeck,Besiktas JK
Aaron Lennon,Newcastle United
André Ayew wants,rejoin Olympique Marseille
J. Seri,Manchester United
Edin Dzeko,Chelsea FC
Juan Bernat,Everton FC
Owen Otasowie,Juventus FC
Chicharito,Besiktas JK
W. Ben Yedder,West Ham United
W. Ben Yedder,West Ham United
José Fonte,Wolverhampton Wanderers
João Mário,West Ham United
Emerson,Chelsea FC
Nicolò Barella,Liverpool FC
Nicolò Barella,Manchester United
S. Aziz Ki,Aris Limassol
Nikolay Kipiani,Omonia Nicosia
Suso,Liverpool FC
Michy Batshuayi,Borussia Dortmund
H. Mkhitaryan,Arsenal FC
Henri Saivet,HSC Montpellier
Adam Forshaw,Leeds United
S. Aziz Ki,Aris Limassol
K. Stafylidis,Stoke City
Nikolay Kipiani,Omonia Nicosia
James Maddison,Tottenham Hotspur
Marko Grujic,Cardiff City
Marko Grujic,Middlesbrough FC
Nadiem Amiri,RB Leipzig
M. Dembélé,Southampton FC
L. Krasniqi,SCO Angers
L. Krasniqi,SCO Angers
Sardar Azmoun,West Ham United
Lucas Vázquez,Newcastle United
Xherdan Shaqiri,West Ham United
Andy Carroll,Chelsea FC
Andrew Surman,Brighton &amp;amp; Hove Albion
Tom Cairney,West Bromwich Albion
Michy Batshuayi,Sevilla FC
Nico Gaitán,Swansea City
Kévin Gameiro,Swansea City
Olivier Giroud,Borussia Dortmund
P. Aubameyang,Arsenal FC
V. Koziello,1. FC Köln
K. Rausch,Dinamo Moscow
Cameron Jerome,Derby County
Dominik Kaiser,Hamburger SV
P. Ntep,AS Saint-Étienne
Bouna Sarr,Leicester City
Jason Cummings,Rangers FC
Mathieu Debuchy,AS Saint-Étienne
Richarlison,Arsenal FC
Richarlison,Chelsea FC
Ukra,CSKA Sofia
Mate Males,Dalian Yifang
Alisson,Liverpool FC
Andy Carroll,Chelsea FC
M. Brozovic,Sevilla FC
Lisandro López,Inter Milan
Manuel Akanji,Borussia Dortmund
Úmaro Embaló,RB Leipzig
Chancel Mbemba,West Ham United
B. Bjarnason,Parma Calcio 1913
Martin Terrier,Olympique Lyon
A. Longher,Arsenal FC
Rivaldinho,Levski Sofia
Axel Tuanzebe,Aston Villa
S. Gelias wants,rejoin Lokomotiv Sofia
S. Gelias,Levski Sofia
S. Gelias,CSKA Sofia
Leonardo Sigali,Racing Club de Avellaneda
R. van Persie,Feyenoord Rotterdam
Jack Butland,Liverpool FC
Jamie Vardy,Manchester United
Chicharito,Manchester United
Kevin Strootman,Liverpool FC
Raheem Sterling,Real Madrid
Joe Allen,Celtic FC
Dani Ceballos,Liverpool FC
Adama Soumaoro,Everton FC
A. Prijovic,Stade Rennais FC
Marijan Cavar,HNK Rijeka
Theo Walcott,Everton FC
Justin Kluivert,Manchester United
Neven Subotic,AS Saint-Étienne
Maycon,SSC Napoli
S. Lichtsteiner,AS Roma
Keinan Davis,Brighton &amp;amp; Hove Albion
Chicharito,Los Angeles FC
Badou Ndiaye,Stoke City
Papu Gómez,Liverpool FC
M. Raspopovic,HNK Rijeka
Diafra Sakho,Crystal Palace
Z. Ibrahimovic,Major League Soccer
Chancel Mbemba,Celtic FC
Ben Brereton,Tottenham Hotspur
Leon Bailey,Manchester United
Nico Gaitán,Southampton FC
Rafinha,Inter Milan
Malcom,Tottenham Hotspur
Alfie Mawson,Watford FC
Ryan Kent,Bristol City
Bruno Peres,Brighton &amp;amp; Hove Albion
Daniel Amartey,Aston Villa
Leonardo Ulloa,Aston Villa
Adam Armstrong,Blackburn Rovers
Gerard Deulofeu,Inter Milan
Gerard Deulofeu,Inter Milan
Renato Steffen,VfL Wolfsburg
João Escoval,HNK Rijeka
Nikola Katic,HNK Rijeka
Fred,Manchester City
Lucas,Manchester United
Cristian Pavón,Arsenal FC
Dario Zuparic,VfB Stuttgart
Andy Carroll,Chelsea FC
Alex Telles,Chelsea FC
Ivan Rakitic,Liverpool FC
Ivan Rakitic,Arsenal FC
Florentin Matei,Astra Giurgiu
G. N'Koudou,Burnley FC
L. Dendoncker,West Ham United
Oumar Niasse,West Bromwich Albion
Kiko Casilla,Getafe CF
Ryan Fredericks,Swansea City
Guido Carrillo,Southampton FC
F. Coquelin,Valencia CF
Arda Turan,Medipol Basaksehir
Stiven Mendoza,SC Amiens
Ben Wilmot,Arsenal FC
Ben Wilmot,Liverpool FC
Joe Lumley,Blackpool FC
R. O'Donnell,Northampton Town
Michy Batshuayi,Sevilla FC
J. Clarke-Salter,Sunderland AFC
F. Coquelin,West Ham United
Filip Dangubic,HNK Rijeka
P. van Aanholt,PSV Eindhoven
Vicente Guaita,Crystal Palace
Moussa Marega,Manchester United
Harry Maguire,Manchester City
Mehdi Taremi,Al Gharafa Sports Club
David Luiz,Manchester United
Mehdi Taremi,Al Gharafa Sports Club
Yann M'Vila,AS Saint-Étienne
Lassana Diarra,Paris Saint-Germain
Valentín Vada wants,join CD Leganés
Lucas,FC Nantes
Joe Hart,Newcastle United
Joe Hart,Newcastle United
Jesé,UD Las Palmas
William Rémy,Legia Warszawa
Riyad Mahrez,Liverpool FC
Munas Dabbur,Lokomotiv Moscow
Mousa Dembélé,AC Milan
Mousa Dembélé,Inter Milan
P. Aubameyang,Guangzhou Evergrande Taobao
F. Diabaté,Leicester City
Cristian Pavón,Arsenal FC
Filippo Romagna,Spartak Moscow
Stefano Okaka,Torino FC
Josip Misic,Sporting CP
Filip Bradaric,ACF Fiorentina
Kerem Demirbay,Arsenal FC
Diafra Sakho,Swansea City
Jamie Murphy,Rangers FC
Faouzi Ghoulam,Manchester United
Étienne Capoue,ACF Fiorentina
Olivier Giroud,Fenerbahce SK
Philipp Max,Manchester City
S. Kvirkvelia,Crystal Palace
S. Kvirkvelia,West Bromwich Albion
S. Kvirkvelia,Leicester City
S. Kvirkvelia,Leicester City
Gerard Deulofeu,SSC Napoli
Robbie Keane,Wolverhampton Wanderers
A. Grimaldo,SSC Napoli
Daniele Rugani,Arsenal FC
Daniele Rugani,Manchester United
Luka Capan,HNK Rijeka
Odise Roshi,GNK Dinamo Zagreb
Arda Turan,Everton FC
Yerry Mina,FC Barcelona
Yerry Mina,FC Barcelona
Petar Bockaj,FC Girondins Bordeaux
Samuel Umtiti,Manchester City
Marko Pjaca,FC Schalke 04
Fábio,Botafogo Rio de Janeiro
G. Krychowiak,AS Roma
Alex Pritchard,Huddersfield Town
Étienne Capoue,West Ham United
B. Bialkowski,Crystal Palace
Kortney Hause,Watford FC
Islam Slimani,Besiktas JK
Ibrahim Amadou,Crystal Palace
K. Mavropanos,Arsenal FC
Eduardo,Legia Warszawa
Antonio Colak,HNK Rijeka
Marko Pjaca,RSC Anderlecht
Erdal Rakip,SL Benfica
Josip Misic,AC Sparta Praha
Josh Earl,Liverpool FC
Dior Angus,Port Vale FC
Danny Rowe,Lincoln City
Amin Younes,SSC Napoli
Didier Ndong,Watford FC
G. Krychowiak,Getafe CF
Nicolae Stanciu,AC Sparta Praha
Mesut Özil,Paris Saint-Germain
Adel Taarabt,Sevilla FC
Adel Taarabt,Villarreal CF
Adel Taarabt,Valencia CF
Pepe Reina,Paris Saint-Germain
João Mário,Manchester United
A. Grimaldo,SSC Napoli
Leon Goretzka,Bayern Munich
Pape Souaré,Olympique Marseille
Islam Slimani,Newcastle United
David Luiz,Arsenal FC
Willy Caballero,Free agent
Willy Caballero,Free agent
Úmaro Embaló,Manchester United
A. Baba,ACF Fiorentina
Lucas,Manchester United
Vicente Guaita,Watford FC
Cédric Bakambu,Beijing Sinobo Guoan
Stefan Silva,AIK Solna
Jonjo Shelvey,Newcastle United
Alex Telles,Chelsea FC
Lior Refaelov,Maccabi Tel Aviv
Mateo Kovacic,Manchester United
Andy Yiadom,Swansea City
Ruca,Alki Oroklini
Theo Walcott,Southampton FC
Joe Allen,West Ham United
D. Sturridge,Southampton FC
D. Sturridge,Southampton FC
Ante Erceg,Seattle Sounders FC
Ante Erceg,Seattle Sounders FC
Cameron Jerome,Cardiff City
Gabriel Pires,West Ham United
K. Toko Ekambi,Burnley FC
Darren Bent,Rangers FC
Cenk Tosun,Everton FC
Amin Younes,Stoke City
Ryan Sessegnon,Real Madrid
David Neres,Tottenham Hotspur
Sean Cronin,Wingate &amp;amp; Finchley FC
Claudiu Vilcu,Wingate &amp;amp; Finchley FC
Terence Kongolo,Huddersfield Town
Gerard Gohou,FK Partizan Belgrade
Gareth Bale,Chelsea FC
M. Fellaini,AS Roma
David Neres,Manchester United
Carlton Cole,AFC Wimbledon
Eduardo,HNK Rijeka
M. Elyounoussi,Crystal Palace
Marko Pjaca,Liverpool FC
Medhi Benatia,Arsenal FC
Hirving Lozano,Liverpool FC
T. Konaté,AEL Limassol
Z. Ibrahimovic,Retired
Paulo Dybala,Manchester United
Paulo Dybala,Manchester United
Almamy Touré,Huddersfield Town
Luke Shaw,Watford FC
Federico Chiesa,Liverpool FC
Federico Chiesa,Tottenham Hotspur
Alex Teixeira,Liverpool FC
A. Grimaldo,SSC Napoli
A. Grimaldo,Tottenham Hotspur
Sandro Ramírez wants,rejoin Málaga CF
Alessio Da Cruz,Arsenal FC
Noah Chesmain,Boreham Wood FC
D. Drexler,Wolverhampton Wanderers
Simon Power,Norwich City
Hamdi Nagguez,APOEL Nicosia
Alfie Mawson,Tottenham Hotspur
Milan Skriniar,Manchester City
Daniel Opare,Stoke City
Taison,Manchester City
Bryan Cristante,Manchester United
Kevin Trapp,Liverpool FC
Thiago Mendes,Olympique Marseille
Stefanos Kapino,Bologna FC 1909
Stefanos Kapino,Udinese Calcio
Stefanos Kapino,Nottingham Forest
Stefanos Kapino,Newcastle United
Dani Benítez,Lorca FC
H. Mkhitaryan,Arsenal FC
Daniele Rugani,Arsenal FC
Daniele Rugani,Manchester United
Lamine Sané,AS Saint-Étienne
L. Bonucci,Real Madrid
O. Coulibaly,APOEL Nicosia
Manchester City want,re-sign Mario Balotelli
Artur Boruc,West Ham United
M. Schneiderlin,West Ham United
H. Mkhitaryan,Inter Milan
E. Lavezzi wants,rejoin SSC Napoli
S. Milinkovic-Savic,Paris Saint-Germain
Erik Morán,AEK Athens
Manuel Akanji,Liverpool FC
Dujon Sterling,AFC Bournemouth
Alfie Mawson,West Ham United
Z. Ibrahimovic,Galatasaray SK
A. Schürrle,West Ham United
Sergio Busquets,Manchester City
L. Bonucci,Chelsea FC
Luis Suárez,Tottenham Hotspur
Matteo Darmian,SSC Napoli
Steven N'Zonzi,West Ham United
Jack Colback,Derby County
C. Pulisic,Manchester United
Kevin Mirallas,Galatasaray SK
James Tomkins,Everton FC
Maxwel Cornet,Tottenham Hotspur
Jack Wilshere,Olympique Marseille
J. Seri,Everton FC
J. Seri,Manchester City
J. Seri,Chelsea FC
Glynor Plet,Anorthosis Famagusta
N. Sánchez,AEL Limassol
Domagoj Antolic,Legia Warszawa
Denis Polyakov,APOEL Nicosia
B. Schweinsteiger,Germany
B. Schweinsteiger,Germany
Carlton Cole,AFC Wimbledon
Remi Matthews,Portsmouth FC
Abdou Diallo,Arsenal FC
Zé Luís,Brighton &amp;amp; Hove Albion
Eden Hazard,Manchester United
L. Bonucci,Manchester City
Kevin Toner,St. Patricks Athletic
Marvin Compper,Celtic FC
Milos Bakrac,HNK Rijeka
Josip Elez,Hannover 96
Patito Rodríguez,Newcastle United Jets
H. Mkhitaryan,Borussia Dortmund
Alex Teixeira,Liverpool FC
Aaron Cresswell,Liverpool FC
Guido Carrillo,Crystal Palace
Domingos Quina,Liverpool FC
Wilfried Zaha,Manchester City
H. Mkhitaryan,Juventus FC
David Luiz,Arsenal FC
David Luiz,Arsenal FC
M. Romero,Borussia Dortmund
Stefan de Vrij,Inter Milan
Malcom,Arsenal FC
A. Grimaldo,Tottenham Hotspur
Ante Coric,AS Roma
Sullay Kaikai,Brentford FC
Jonny Evans,Manchester United
Mark Uth,Borussia Dortmund
Marcel Franke,1.FC Union Berlin
L. Martínez,Atlético Madrid
R. Hernández,Atlético Madrid
D. Sturridge,Newcastle United
Malcom,Manchester United
Leon Bailey,Arsenal FC
Leon Bailey,Chelsea FC
Wilfried Zaha,Chelsea FC
Nordi Mukiele,Manchester City
Sasa Zdjelar,FK Partizan Belgrade
P. Ntep,OGC Nice
Marvin Compper,Celtic FC
Mark Uth,FC Schalke 04
Marko Vesovic,Legia Warszawa
Domagoj Vida,Everton FC
Ante Erceg,Bröndby IF
Milan Badelj,AC Milan
Theo Walcott,Valencia CF
Daley Blind,FC Barcelona
Cenk Tosun,VfB Stuttgart
Lucas,Málaga CF
M. Urruti,Red Star Belgrade
M. Urruti,CD América de Cali
J. Mascherano,Hebei China Fortune
Kyle Scott,Leicester City
Kyle Scott,Huddersfield Town
Dani García,Southampton FC
Liam Moore,West Ham United
Scott McTominay,Leeds United
Jann-Fiete Arp,Tottenham Hotspur
Nadiem Amiri,Manchester United
Leon Bailey,Chelsea FC
João Mário,Manchester United
Á. Henríquez,Atlas Guadalajara
M. Gómez,Beijing Sinobo Guoan
Sergio Romero,Arsenal FC
Danilo,FC Porto
Dani Ceballos,Tottenham Hotspur
Gareth Bale,Tottenham Hotspur
Philipp Max,Manchester United
Diego López,Crystal Palace
Thomas Lemar,Chelsea FC
Gonçalo Guedes,Arsenal FC
Nedum Onuoha,Burnley FC
G. Imbula,Torino FC
M. Romero,PSV Eindhoven
Shihao Wei,Beijing Sinobo Guoan
Alphonso Davies,Manchester United
Richmond Boakye,Stade Rennais FC
Richmond Boakye,Olympique Marseille
G. Imbula,Torino FC
El Fardou Ben,Red Star Belgrade
M. Urruti,Red Star Belgrade
C. Lungoyi,FC Porto
C. Lungoyi,FC Porto
Keylor Navas,Arsenal FC
Luke Shaw,Fenerbahce SK
M. Dembélé,Brighton &amp;amp; Hove Albion
T. Figueiredo,Leeds United
Ben Mee,West Bromwich Albion
Arthur,Chelsea FC
P. Aubameyang,Everton FC
Alex Sandro,Manchester United
A. Traustason,Malmö FF
Jack Hendry,Newcastle United
P. van Aanholt,Everton FC
Danny Rose,FC Barcelona
Jordi Alba,Tottenham Hotspur
Olivier Giroud,AC Milan
M. Elyounoussi,Southampton FC
Vincent Janssen,SSC Napoli
A. Christensen,Inter Milan
João Carvalho,Wolverhampton Wanderers
H. Mkhitaryan,Inter Milan
Gabriel Paletta,US Sassuolo
J. Mascherano,Jiangsu Suning
D. Drexler,Newcastle United
Theo Walcott,Everton FC
Panionios Athens want,re-sign K. Ansarifard
João Mário,Manchester United
Saman Ghoddos,Fulham FC
Saman Ghoddos,Fulham FC
Mehdi Taremi wants,join Caykur Rizespor
Sardar Azmoun,Celtic FC
A. Jahanbakhsh,SSC Napoli
Yerry Mina,West Bromwich Albion
G. Kondogbia,Tottenham Hotspur
Raheem Sterling,Real Madrid
D. Sturridge,Real Betis Balompié
D. Sturridge,Sevilla FC
M. Romero,VfB Stuttgart
Ezequiel Barco,Atlanta United FC
Franco Escobar,Atlanta United FC
Lucas,Beijing Sinobo Guoan
Mohamed Salah,Real Madrid
Mohamed Salah,Real Madrid
Jack Wilshere,Fenerbahce SK
Dani Ceballos,Tottenham Hotspur
Dani Ceballos,Arsenal FC
Steven N'Zonzi,Arsenal FC
Troy Deeney,Everton FC
Manuel Lanzini,Tottenham Hotspur
Bryan Cristante,Manchester United
James Wilson,Aston Villa
Sandro Ramírez,Valencia CF
Danny Ings,West Bromwich Albion
Mesut Özil,Chelsea FC
L. Koscielny,FC Lorient
Milan Skriniar,Manchester City
Richarlison,AC Milan
Giuseppe Rossi,Genoa CFC
Kaká,Guizhou Hengfeng Zhicheng
A. Agouda,Leeds United
Arthur,FC Barcelona
Angel Gomes,Borussia Dortmund
Fedor Smolov,West Ham United
David Luiz,Real Madrid
Jakub Jankto,Arsenal FC
Adam Masina,Tottenham Hotspur
Jack Butland,Chelsea FC
Anthony Martial,Real Madrid
Sime Vrsaljko,SSC Napoli
Ramires,Inter Milan
Luke Shaw,Newcastle United
Cenk Tosun,Tottenham Hotspur
Bernardo Silva,FC Barcelona
K. Richardson,Bolton Wanderers
Odion Ighalo,Stoke City
K. Richardson,Coventry City
Arda Turan,AS Monaco
K. Richardson,Southend United
Joleon Lescott,AFC Telford United
Mathieu Flamini,Real Zaragoza
Kaká,Guizhou Hengfeng Zhicheng
Y. Benalouane,Inter Milan
T. Courtois,Juventus FC
Harry Arter,Crystal Palace
João Mário,Arsenal FC
M. Fellaini,Paris Saint-Germain
M. Fellaini,Paris Saint-Germain
Alexis Sánchez,Real Madrid
Lucas Torreira,Everton FC
L. Martínez,Borussia Dortmund
Javier Pastore,AS Roma
Javier Pastore,Inter Milan
Javier Pastore,Sevilla FC
C. Cásseres,New York Red Bulls
Danilo Pereira,Manchester United
Jack Harrison,Leicester City
Ezri Konsa,Arsenal FC
Ezri Konsa,Everton FC
Dimitri Oberlin,Manchester United
Danny Ward,Sunderland AFC
Gorka Guruzeta,Tottenham Hotspur
Ádám Bogdán,Nottingham Forest
Mesut Özil,FC Schalke 04
Yusuf Yazici,Arsenal FC
Ben Woodburn,Sunderland AFC
Marco Asensio,Chelsea FC
Kevin De Bruyne,Real Madrid
Paulo Dybala,Manchester United
Romain Saïss,Liverpool FC
Romain Saïss,Liverpool FC
David Brooks,Liverpool FC
David Brooks,Tottenham Hotspur
Riyad Mahrez,Manchester City
Alan,Beijing Sinobo Guoan
P. van Aanholt,Manchester City
Bernard,Liverpool FC
Leon Goretzka,Manchester City
Hirving Lozano,Manchester City
K. Arrizabalaga,Chelsea FC
Stefano Sturaro,Everton FC
Sandro Wagner,Bayern Munich
Rafinha,Cruzeiro Esporte Clube
Manuel Lanzini,Atlético Madrid
J. Cillessen,Newcastle United
Hatem Ben Arfa,Leicester City
David Luiz,Manchester United
Oliver Berg,Viking Stavanger
Kara,Liverpool FC
José Giménez,Liverpool FC
Willian,AC Milan
M. Fellaini,Arsenal FC
Kevin Danso,Liverpool FC
Domingos Quina,Manchester United
Angelo Ogbonna,AC Milan
Olivier Giroud,Bayern Munich
Lewis Dunk,West Ham United
Leon Goretzka,Juventus FC
A. Jahanbakhsh,SSC Napoli
André Onana,Borussia Dortmund
A. Griezmann,FC Barcelona
Emre Can,Borussia Dortmund
Breel Embolo,Manchester City
Enzo Díaz,Manchester United
Khouma Babacar,Crystal Palace
Fernando Torres,Newcastle United
Fernando Torres,Southampton FC
M. Halstenberg,Everton FC
Richarlison,Tottenham Hotspur
Mesut Özil,Atlético Madrid
Artem Dovbyk,Celtic FC
J. Mascherano,Liverpool FC
Harry Arter,West Ham United
Kai Havertz,Liverpool FC
K. Arrizabalaga,Real Madrid
Arthur,Manchester United
Mohamed Salah,Atlético Madrid
Lewis Dunk,Everton FC
Jann-Fiete Arp,Chelsea FC
Samuel Umtiti,Manchester United
Stevan Jovetic,Southampton FC
Tolgay Arslan,Tottenham Hotspur
Keylor Navas,Arsenal FC
M. de Ligt,FC Barcelona
Lucas,Chelsea FC
Aarón Caricol,Manchester City
Jonny Evans,Everton FC
Frenkie de Jong,Arsenal FC
David Silva,Liverpool FC
Harry Winks,FC Barcelona
James Maddison,Everton FC
M. Diakhaby,Chelsea FC
Lewis Holtby,Newcastle United
Jack Wilshere,Real Betis Balompié
Danny Ings,Newcastle United
Miguel Almirón,Newcastle United
Luke Shaw,Southampton FC
C. Musonda Jr.,Arsenal FC
Toni Kroos,Manchester United
Toni Kroos,Manchester United
Badou Ndiaye,West Ham United
Islam Slimani,Crystal Palace
Andy Yiadom,West Bromwich Albion
M. Dembélé,Manchester United
Péter Gulácsi,Chelsea FC
Péter Gulácsi,Arsenal FC
Jorginho,Arsenal FC
Louis Moult,Queens Park Rangers
Riyad Mahrez,Olympique Marseille
Michael Carrick,West Bromwich Albion
Julian Brandt,FC Barcelona
Isco,Manchester City
Emerson,Liverpool FC
Diego Lainez,Liverpool FC
Mimoun Mahi,Stoke City
Ciro Immobile,Chelsea FC
A. Griezmann,FC Barcelona
S. Milinkovic-Savic,Manchester City
Danny Ings,Crystal Palace
Iker Casillas,Liverpool FC
Kasper Dolberg,Arsenal FC
Justin Kluivert,Tottenham Hotspur
Kieran Tierney,Tottenham Hotspur
Rolf Feltscher,Cardiff City
Gabriel Jesus,Olympique Lyon
Jadon Sancho,Real Madrid
Julian Draxler,Liverpool FC
Andrei Radu,Red Star Belgrade
Carlos Soler,Manchester United
A. Grimaldo,Manchester United
Casemiro,Manchester United
Yaya Touré,New York City FC
Fabián Ruiz,Stoke City
Mesut Özil,Manchester United
C. Benteke,Chelsea FC
Rúben Vinagre,Everton FC
Julian Weigl,Juventus FC
Brahim Díaz,Inter Milan
Ben Woodburn,FC Barcelona
Conor Hourihane,Brighton &amp;amp; Hove Albion
Charlie Austin,Queens Park Rangers
Abel Ruiz,Arsenal FC
Joe Lewis,Aston Villa
Marcus Rashford,Real Madrid
Danny Ings,Everton FC
Matt Miazga,Ajax Amsterdam
Arturo Vidal,Inter Milan
Arkadiusz Milik,Chievo Verona
Úmaro Embaló,Manchester United
Nauzet Pérez,APOEL Nicosia
Edinson Cavani,Manchester City
André Silva,Arsenal FC
Marcos Alonso,FC Barcelona
N. Maksimovic,Arsenal FC
Callum Brittain,Chelsea FC
Cenk Tosun,Newcastle United
Paco Alcácer,Tottenham Hotspur
Olivier Giroud,Inter Milan
N'Golo Kanté,Paris Saint-Germain
Andros Townsend,Leicester City
Yuto Nagatomo,West Bromwich Albion
Mimoun Mahi,Leeds United
Hirving Lozano,Arsenal FC
Olivier Giroud,Juventus FC
Gary Hooper,Brighton &amp;amp; Hove Albion
Lucas,Arsenal FC
Emre Can,Manchester United
Anthony Martial,Arsenal FC
Anthony Martial,FC Barcelona
Mijat Gacinovic,Manchester United
Daley Blind,Galatasaray SK
A. Mitrovic,Brighton &amp;amp; Hove Albion
Lucas Torreira,Inter Milan
Thomas Meunier,Juventus FC
Raúl Meireles,Cagliari Calcio
Faouzi Ghoulam,Manchester City
Mathieu Flamini,Derby County
Bacary Sagna,Leicester City
Carlton Cole,Crystal Palace
Ross McCormack,Melbourne City FC
Sadio Mané,Real Madrid
Lucas Lima,Manchester United
Dries Mertens,Arsenal FC
Leon Goretzka,Liverpool FC
Alfredo Morelos,Aston Villa
C. Melissis,Al-Hilal Omdurman
L. Pellegrini,Manchester United
Adrien Rabiot,Inter Milan
Thomas Meunier,Manchester United
Stefan de Vrij,Liverpool FC
Andrea Belotti,Real Madrid
Mihailo Mitrov,FCS Bucharest
Diego Costa,Fenerbahce SK
Vincent Janssen,Fenerbahce SK
Raúl Meireles,Cagliari Calcio
Johannes Geis,Sevilla FC
Dani Parejo,FC Barcelona
Paulo Dybala,FC Barcelona
Vincent Janssen,Brighton &amp;amp; Hove Albion
Marc Wilson,Sunderland AFC
Duje Cop,Standard Liège
Ivan Strinic,UC Sampdoria
Robert Muric,SC Braga
F. Llorente,Everton FC
Hugo Almeida,HNK Hajduk Split
Filip Benkovic,Celtic FC
Panagiotis Kone,AEK Athens
Jürgen Locadia,Wolverhampton Wanderers
E. Mangala,Crystal Palace
Tim Krul,Brighton &amp;amp; Hove Albion
Alex Song,Birmingham City
Lucas Pérez,Everton FC
Michy Batshuayi,Everton FC
Paulo Dybala,FC Barcelona
Calum Chambers,Leicester City
Oumar Niasse,Crystal Palace
F. Llorente,Tottenham Hotspur
Á. Di María,FC Barcelona
Paulo Dybala,FC Barcelona
Sergio Araujo,AEK Athens
Panagiotis Kone,AEK Athens
T. Vermaelen,Everton FC
André Gomes,West Ham United
André Gomes,Tottenham Hotspur
Panagiotis Kone,AEK Athens
Sergio Araujo,AEK Athens
P. Wollscheid,FC Metz
Jadon Sancho,Manchester United U18
Matthew Willock,FC Utrecht
Riyad Mahrez,Manchester United
Nahki Wells,Burnley FC
Waris Majeed,West Ham United
Jordy Clasie,Club Brugge KV
Wahbi Khazri,Stade Rennais FC
Diafra Sakho,Stade Rennais FC
Demarai Gray,Crystal Palace
G. Chakvetadze,KAA Gent
Marvin Johnson,Middlesbrough FC
Dwight Gayle,Fulham FC
Jakov Puljic,HNK Rijeka
Divock Origi,VfL Wolfsburg
G. Imbula,FC Toulouse
Jack Colback,Hull City
Divock Origi,AS Monaco
G. Krychowiak,West Bromwich Albion
Aden Flint,Birmingham City
Harlee Dean,Birmingham City
Grant Hanley,Norwich City
David Wheeler,Queens Park Rangers
Domagoj Vida,Inter Milan
Jason Davidson,HNK Rijeka
Maurício,PAOK Thessaloniki
Emre Mor,Celta de Vigo
E. Mangala,West Bromwich Albion
Renato Sanches,Swansea City
Rafinha,AC Milan
M'Baye Niang,Torino FC
Gabriel Paletta,SS Lazio
Divock Origi,Tottenham Hotspur
Nikola Vlasic,Everton FC
Stevan Jovetic,AS Monaco
Souza,West Bromwich Albion
AEK Athens want,re-sign Sergio Araujo
P. Lasogga,Leeds United
Thomas Lemar,Liverpool FC
Modibo Maïga,FK Partizan Belgrade
Gerard Gohou,FK Partizan Belgrade
Saman Ghoddos,Queens Park Rangers
Jordan Hugill,Reading FC
John McGinn,Nottingham Forest
Jordan Rhodes,Wolverhampton Wanderers
Kevin Wimmer,Stoke City
N. Tagliafico,Newcastle United
Nikola Vlasic,Everton FC
André Gomes,Juventus FC
Loïc Rémy,UD Las Palmas
Jackson Irvine,Hull City
Islam Slimani,Watford FC
Patrik Schick,SSC Napoli
Jonny Castro,VfB Stuttgart
Pawel Cibicki,Leeds United
Pau López,Brighton &amp;amp; Hove Albion
Islam Slimani,AS Monaco
Robert Green,Huddersfield Town
S. Mustafi,Inter Milan
Jason Davidson,HNK Rijeka
Iuri Medeiros,VfL Wolfsburg
Jerome Sinclair,Sheffield United
F. Llorente,Chelsea FC
Stevan Jovetic,Newcastle United
Diego Costa,Everton FC
Nacer Chadli,FC Schalke 04
Sergio Araujo,AEK Athens
Renato Sanches,Liverpool FC
Stuart Dallas,Norwich City
O. Dembélé,FC Barcelona
C. Carter-Vickers,Sheffield United
O. Dembélé,FC Barcelona
B. Höwedes,Juventus FC
Jota,Hull City
Oliver Burke,West Bromwich Albion
Lautaro Acosta,Atlético Madrid
Dennis Praet,Everton FC
Jack Wilshere,Aston Villa
T. Kolodziejczak,OGC Nice
Gonçalo Guedes,Valencia CF
Steven Bergwijn,FC Barcelona
Isaac Success,Hull City
J. Guilavogui,Stoke City
J. Guilavogui,West Bromwich Albion
Michel Vorm,Crystal Palace
Rafinha,AC Milan
Filip Bradaric,Bologna FC 1909
Fran Tudor,Deportivo Alavés
B. Höwedes,Inter Milan
André Gomes,Manchester United
Didier Ndong,West Ham United
R. Snodgrass,Aston Villa
Rivaldo Coetzee,Celtic FC
Siem de Jong,Ajax Amsterdam
F. Hadergjonaj,Huddersfield Town
Willian,FC Barcelona
Jay-Roy Grot,Leeds United
Barry Bannan,Hull City
Jota,Middlesbrough FC
Maxwel Cornet,AS Roma
Lucas Alario,Bayer 04 Leverkusen
Á. Di María,FC Barcelona
Pepe Reina,Paris Saint-Germain
C. Mavrias,HNK Rijeka
Maxwell Acosty,HNK Rijeka
Jairo Samperio,Hannover 96
Kasper Dolberg,AS Monaco
Raúl Jiménez,Everton FC
Oliver Burke,Crystal Palace
Waris Majeed,Burnley FC
Jon Toral,Hull City
Santiago Arias,Swansea City
Adama Traoré,LOSC Lille
Nampalys Mendy,Atalanta BC
Andreas Pereira,Valencia CF
Emre Mor,AC Milan
Gonçalo Guedes,Valencia CF
Chuba Akpom,Celtic FC
Chuba Akpom,Leeds United
E. Mangala,Stoke City
Kevin Wimmer,Crystal Palace
Stevan Jovetic,Brighton &amp;amp; Hove Albion
Jon Toral,Hull City
Waris Majeed,Burnley FC
Ognjen Vranjes,Crystal Palace
Nikola Kalinic,AC Milan
Afriyie Acquah,Birmingham City
G. van der Wiel,Cagliari Calcio
Pape Cheikh,Olympique Lyon
S. Kingsley,Hull City
Rudy Gestede,Leeds United
G. Krychowiak,Olympique Lyon
Dennis Praet,Newcastle United
Nikola Kalinic,AC Milan
J. Seri,FC Barcelona
T. Alderweireld,Chelsea FC
Jonathas,Hannover 96
Patrik Schick,AS Roma
S. Ascacíbar,VfB Stuttgart
Samir Nasri,Antalyaspor
Lionel Messi,Manchester City
Jozo Simunovic,Burnley FC
E. Sviatchenko,FC Copenhagen
Kenneth Zohore,Brighton &amp;amp; Hove Albion
João Cancelo,Inter Milan
J. Seri,FC Barcelona
Harry Forrester,AFC Wimbledon
Yerry Mina,FC Barcelona
Bozo Mikulic,UC Sampdoria
Julian Draxler,Arsenal FC
Á. Di María,FC Barcelona
Joel Untersee,HNK Rijeka
Julian Draxler,FC Barcelona
Alexis Sánchez,FC Barcelona
Dele Alli,FC Barcelona
George Hirst,Leicester City
Sam Clucas,Swansea City
Kevin Wimmer,West Bromwich Albion
M'Baye Niang,Spartak Moscow
O. Dembélé,FC Barcelona
G. Kondogbia,Inter Milan
Diego Costa,Deportivo de La Coruña
Ryan Shotton,Middlesbrough FC
Kenneth Zohore,Hull City
Jonny Evans,Manchester City
Mathieu Debuchy,Olympique Marseille
K. Boateng,Eintracht Frankfurt
Marcelo Hermes,NK Osijek
Arda Turan,Galatasaray SK
Dave Tarpey,Leyton Orient
Dave Tarpey,Charlton Athletic
Sone Aluko,Reading FC
Denis Suárez,SSC Napoli
Quincy Promes,AS Roma
G. Simeone,ACF Fiorentina
Kasper Dolberg,AC Milan
Marco Asensio,Arsenal FC
AC Milan want,re-sign Z. Ibrahimovic
Falcao,AC Milan
Kylian Mbappé wants,join Paris Saint-Germain
Nikola Kalinic,AC Milan
P. Aubameyang wants,join AC Milan
Burton Albion want,re-sign Cauley Woodrow
E. Mangala,Inter Milan
Miquel Nelom,Celtic FC
Ryan Sessegnon,Tottenham Hotspur
Florin Andone,Burnley FC
João Escoval,HNK Rijeka
Filipe Ferreira,HNK Rijeka
Carlos Bacca,Villarreal CF
Nikola Kalinic,AC Milan
Carlos Bacca,Villarreal CF
Panagiotis Kone,AEK Athens
Luciano Vietto,UC Sampdoria
Vieirinha,PAOK Thessaloniki
Vieirinha,VfB Stuttgart
O. Dembélé,FC Barcelona
Jeremy Toljan,Borussia Dortmund
Joe Bennett,Fulham FC
J. Seri,Liverpool FC
André Carrillo,Watford FC
Jesé,Stoke City
Paulinho,FC Barcelona
O. Dembélé,FC Barcelona
Paulo Dybala,FC Barcelona
Eden Hazard,FC Barcelona
Á. Di María,FC Barcelona
O. Dembélé,FC Barcelona
Dele Alli,FC Barcelona
Eden Hazard,FC Barcelona
André Gomes,Guangzhou Evergrande Taobao
Valon Behrami,Udinese Calcio
Mato Milos,SL Benfica
Domagoj Vida,Besiktas JK
Ivan Strinic,ACF Fiorentina
Paulinho,FC Barcelona
C. Eriksen,FC Barcelona
Chris Wood,Burnley FC
Georgi Milanov,SV Werder Bremen
Georgi Milanov,SC Freiburg
G. Kondogbia,Valencia CF
Yoric Ravet,SC Freiburg
Gabriel Barbosa,Sporting CP
Ryan Kent,SC Freiburg
Pape Cheikh,Tottenham Hotspur
Ivan Perisic,FC Barcelona
Bruno Amorim,Manchester United U23
Michael Seaton,Stabaek IF
Emre Can,Juventus FC
Maxwel Cornet,1. FC Köln
Jesé,ACF Fiorentina
Tomás Rincón,Torino FC
Maxwel Cornet,Watford FC
Maxwel Cornet,Borussia Dortmund
Stevan Jovetic,Sevilla FC
Marvin Johnson,Hull City
Carlos Bacca,Sevilla FC
Stefan de Vrij,Juventus FC
José Izquierdo,Brighton &amp;amp; Hove Albion
Ogenyi Onazi,Birmingham City
Sam Clucas,Burnley FC
W. Carvalho,West Ham United
Lewis Baker,Middlesbrough FC
T. Solomon,FK Partizan Belgrade
I. Martínez,FC Barcelona
Kenedy,Newcastle United
Eden Hazard,FC Barcelona
Sardar Azmoun,SS Lazio
Sergio Busquets,Manchester City
Kylian Mbappé,Paris Saint-Germain
O. Dembélé,FC Barcelona
Sunderland AFC want,re-sign G. Leadbitter
Marten de Roon,Atalanta BC
I. Martínez,FC Barcelona
Kevin Strootman,Juventus FC
Arturo Vidal,Liverpool FC
Zoran Nizic,Göztepe
Paco Alcácer,AS Roma
Arda Turan,Liverpool FC
K. Ansarifard,CA Osasuna
Marco Verratti,FC Barcelona
Kylian Mbappé,FC Barcelona
Paulo Dybala,FC Barcelona
O. Dembélé,FC Barcelona
Eden Hazard,FC Barcelona
Sardar Azmoun,SS Lazio
Ahmed Musa,Hull City
Andre Gray,Watford FC
Julian Draxler,FC Barcelona
Paco Alcácer,AS Roma
Paulo Dybala,FC Barcelona
K. Ansarifard,CA Osasuna
Kylian Mbappé,Paris Saint-Germain
Kylian Mbappé,FC Barcelona
O. Dembélé,FC Barcelona
Eden Hazard,FC Barcelona
Sardar Azmoun,SS Lazio
João Cancelo,Chelsea FC
Marc Muniesa,Girona FC
S. Larsson,Hull City
Ben Woodburn,Hannover 96
Ryan Kent,Hannover 96
Serge Aurier,Chelsea FC
Patrick Roberts,Southampton FC
Carl Jenkinson,Swansea City
Thomas Lemar,FC Barcelona
Ballou Tabla wants,join Chelsea FC
Hakim Ziyech,Liverpool FC
Gabriel Paulista,Valencia CF
Gabriel Paulista,Valencia CF
Nikola Kalinic,AC Milan
Diego Costa,AC Milan
Z. Ibrahimovic,Manchester United
André Almeida,Southampton FC
André Almeida,Crystal Palace
Patrick Roberts,OGC Nice
Jan Oblak,Paris Saint-Germain
C. Borthwick-Jackson,Leeds United
João Cancelo,Juventus FC
João Cancelo,Tottenham Hotspur
Luuk de Jong,Crystal Palace
Davy Pröpper,Brighton &amp;amp; Hove Albion
Josip Pivaric,Dynamo Kyiv
Ahmed Musa,West Bromwich Albion
Allan McGregor,Nottingham Forest
Z. Ibrahimovic,AC Milan
T. Fosu-Mensah,Crystal Palace
T. Fosu-Mensah,Crystal Palace
Sergi Roberto,Chelsea FC
Sergi Roberto,Manchester United
Jake Turner,Manchester United
Ademola Lookman,Derby County
Lucas Lima,Swansea City
Andros Townsend,Stoke City
Stevan Jovetic,Olympique Marseille
Ezequiel Garay,Juventus FC
Jeison Murillo,Valencia CF
T. Vermaelen,Everton FC
E. Choupo-Moting,Stoke City
Ben Gibson,Manchester City
Gareth Barry,West Bromwich Albion
Gareth Barry,West Bromwich Albion
Mario Lemina,Southampton FC
Dani Schahin,Burnley FC
Eric Dier,Bayern Munich
Gary Medel,Besiktas JK
Jonathan Cafú,FC Girondins Bordeaux
Jordan Amavi,Olympique Marseille
Chris Wood,Besiktas JK
Jota,West Ham United
S. Ristovski,Sporting CP
Benjamin André,Liverpool FC
G. Varela,CA Peñarol
Karl Darlow,West Ham United
Adrián,Newcastle United
Bacary Sagna,Red Star Belgrade
Stanisa Mandic,FK Partizan Belgrade
Marko Basa,FK Partizan Belgrade
Y. Mulumbu,FK Partizan Belgrade
Jairo da Silva,FK Partizan Belgrade
Johan Djourou,Sheffield Wednesday
Mateo Barac,Ajax Amsterdam
I. Martínez,FC Barcelona
Emre Mor,Inter Milan
C. Borthwick-Jackson,Leeds United
C. Borthwick-Jackson,Leeds United
K. Nordfeldt,Nottingham Forest
K. Nordfeldt,Bristol City
Rachid Ghezzal,AS Monaco
Mario Lemina,Stoke City
Jadon Sancho,Borussia Dortmund
Joselu,Newcastle United
Alberto Moreno,Watford FC
G. Simeone,Tottenham Hotspur
Stephy Mavididi,Preston North End
Ravel Morrison,Birmingham City
Paulo Gazzaniga,Tottenham Hotspur
P. Retsos,Bayer 04 Leverkusen
Moussa Sissoko,Trabzonspor
Haris Duljevic,SG Dynamo Dresden
Neymar wants,join Paris Saint-Germain
Rachid Alioui,SC Amiens
Aaron Lennon,Watford FC
Cyle Larin,Besiktas JK
Javier Pastore,Inter Milan
Oumar Niasse,Brighton &amp;amp; Hove Albion
Kieran Dowell,Nottingham Forest
Wesley Sneijder,OGC Nice
Yann Karamoh,Inter Milan
S. Ascacíbar,Zenit St. Petersburg
Rachid Alioui,SC Amiens
Tom Lawrence,Derby County
Wesley Hoedt,Everton FC
Thomas Mangani,AEK Athens
Jakob Johansson,FC Toulouse
Jakob Johansson,UD Las Palmas
Joe Lolley,Sheffield United
Harry Bunn,Ipswich Town
Demarai Gray,AFC Bournemouth
Hatem Ben Arfa,Fenerbahce SK
Jason,VfL Wolfsburg
Emre Mor,ACF Fiorentina
Samir Nasri,OGC Nice
Lucas Pérez,Newcastle United
D. Drinkwater,Chelsea FC
Wesley Hoedt,Southampton FC
Richarlison,Watford FC
Matías Vecino,Inter Milan
Keita Baldé,Juventus FC
Juan Foyth,Paris Saint-Germain
Ryad Boudebouz,Real Betis Balompié
Yacine Brahimi,SS Lazio
O. Zinchenko,SSC Napoli
S. Feghouli,Galatasaray SK
Jesús Navas,Sevilla FC
Serge Aurier,Tottenham Hotspur
Freddie Woodman,Heart of Midlothian FC
Badou Ndiaye,Galatasaray SK
H. Badstuber,VfB Stuttgart
Tom Trybull,Norwich City
Fernando,Galatasaray SK
Patryk Lipski,HNK Rijeka
Karol Mets,NAC Breda
Júlio Baptista,Bolton Wanderers
T. Vermaelen,West Bromwich Albion
Borna Barisic,Dynamo Kyiv
Ante Rebic,Huddersfield Town
E. Rivière,Osmanlispor FK
E. Rivière,FC Metz
Jeremain Lens,Besiktas JK
Charlie Mulgrew,Sheffield Wednesday
A. Kamara,Fulham FC
C. Telo,Molde FK
L. Dendoncker,Manchester United
Tom Lawrence,Brighton &amp;amp; Hove Albion
G. Bellusci,FK Partizan Belgrade
Renato Sanches,Chelsea FC
Ross Barkley,Chelsea FC
Ross Barkley,Chelsea FC
Chris Wood,Swansea City
Obbi Oulare,Royal Antwerp FC
Neymar,NK Lucko
Neymar wants,join Al-Arabi Sports Club
Obbi Oulare,Royal Antwerp FC
Ljubomir Fejsa,Tottenham Hotspur
Emil Forsberg,Manchester United
Kasper Dolberg,Real Madrid
Samir Nasri,AS Roma
Ross Barkley,Arsenal FC
Jadon Sancho,Arsenal FC
Michael Hector,Hull City
Ashley Fletcher,Middlesbrough FC
Dominik Glavina,NK Olimpija Ljubljana
Cyle Larin,Besiktas JK
Mikel Merino,Newcastle United
Tom Davies,Chelsea FC
Keita Baldé,Inter Milan
Steven Berghuis,Feyenoord Rotterdam
Lazar Markovic,ACF Fiorentina
Jason Steele,Sunderland AFC
Kylian Mbappé,Manchester City
Jeremy Toljan,Tottenham Hotspur
J. dos Santos,Los Angeles Galaxy
Danilo Pereira,Paris Saint-Germain
Jeremy Toljan,Bayern Munich
Lucas Pérez,Arsenal FC
Adam Phillips,Norwich City
Lewis Grabban,Sunderland AFC
Marco Verratti,Manchester United
K. Manolas,Juventus FC
A. Candreva,Chelsea FC
Aymen Abdennour,Watford FC
Z. Ibrahimovic,AC Milan
Ben Gibson,West Bromwich Albion
Jack Wilshere,Antalyaspor
W. Silva,FC Girondins Bordeaux
Sam Clucas,Newcastle United
Carlos Bacca,Olympique Marseille
Péter Gulácsi,Newcastle United
Ondrej Mazuch,Hull City
G. Imbula,AS Monaco
Chelsea FC want,re-sign Ryan Bertrand
Gerónimo Rulli,SSC Napoli
Joseph Aidoo,KRC Genk
Sam Gallagher,Wolverhampton Wanderers
Sam Gallagher,Wolverhampton Wanderers
Neymar,Paris Saint-Germain
Yann Karamoh,Inter Milan
Ross McCormack,Sunderland AFC
Emiliano Rigoni,Zenit St. Petersburg
Valon Berisha,Stoke City
Malang Sarr,Chelsea FC
Oliver Norwood,Fulham FC
Anthony Stokes,Hibernian FC
Alexis Sánchez,Paris Saint-Germain
Rachid Ghezzal,Watford FC
Ryan Shotton,Hull City
Hrvoje Milic,Olympiacos Piraeus
Darren Randolph,Middlesbrough FC
Neymar,Paris Saint-Germain
F. Bernardeschi,Juventus FC
Jack Wilshere,West Ham United
Jack Wilshere,Swansea City
Diogo Jota,Wolverhampton Wanderers
Rafinha,Arsenal FC
Shane Long,West Ham United
Jonathan Cafú,West Ham United U23
Aly Cissokho,Evkur Yeni Malatyaspor
G. Kondogbia,FC Barcelona
G. Kondogbia,FC Barcelona
Fernando,Galatasaray SK
F. Bernardeschi,Juventus FC
Modou Barrow,Reading FC
Robbin Ruiter,Sunderland AFC
Spyros Risvanis,CF Belenenses
Milan Badelj,TSG 1899 Hoffenheim
Riyad Mahrez,Tottenham Hotspur
Max Gradel,FC Toulouse
Jadon Sancho,Arsenal FC
Jadon Sancho,Tottenham Hotspur
Mason Mount,Vitesse Arnhem
Philip Billing,Swansea City
E. Mangala,Sevilla FC
Andrés Iniesta,Inter Milan
C. Mafoumbi,Blackpool FC
Rúben Vinagre,Wolverhampton Wanderers
Connor Ripley,Motherwell FC
C. Borthwick-Jackson,Leeds United
Matt Derbyshire,Leeds United
Javi García,Olympique Marseille
Javi García,Olympique Lyon
Joel Robles,Deportivo de La Coruña
Diego Reyes,VfB Stuttgart
Neymar,Paris Saint-Germain
Max Kruse,Spartak Moscow
H. Badstuber,Sevilla FC
Anthony Martial,VfL Wolfsburg
Nacer Chadli,Swansea City
G. Kastanos,Manchester United
Daryl Murphy,Nottingham Forest
Stefano Denswil,Hamburger SV
Y. Konoplyanka,Stoke City
C. Samba,Aston Villa
Lewis Gibson,Everton FC
Juan Riquelme wants,join Associação Chapecoense de Futebol
Ronaldinho,Associação Chapecoense de Futebol
G. Samaras,Southampton FC
H. Badstuber,Manchester City
Joe Ledley,Aston Villa
Rachid Ghezzal,Arsenal FC
Jesús Navas,Newcastle United
Wesley Sneijder,Everton FC
Marios Andreou,Apollon Limassol
Manchester United want,re-sign Z. Ibrahimovic
P. Christou,Retired
Dave Tarpey,Wycombe Wanderers
T. De Vincenti wants,rejoin APOEL Nicosia
Carlos de Pena,Free agent
Xandão,Apollon Limassol
G. Kastanos,Everton FC
G. Kastanos,Manchester United
Emile Heskey,Billericay Town
Thomas Müller,Arsenal FC
Thomas Müller,Liverpool FC
Thomas Müller,Juventus FC
Thomas Müller,Chelsea FC
Kevin Stewart,Hull City
Keita Baldé,West Ham United
Hull City want,re-sign F. Campbell
Yann Karamoh,AS Saint-Étienne
Mathias Normann,Brighton &amp;amp; Hove Albion
Tommy Elphick,Birmingham City
Kieran Gibbs,West Bromwich Albion
Diego Rolán,Newcastle United
G. Escalante,Burnley FC
Sheyi Ojo,Fulham FC
J. Manquillo,Newcastle United
Vito Mannone,Reading FC
C. Pasquato,Legia Warszawa
Neymar,Paris Saint-Germain
A. Lindegaard,Hammarby IF
Fedor Smolov,Fenerbahce SK
G. van der Wiel,Crystal Palace
Pepe Reina,Manchester City
Suso,VfL Wolfsburg
Mikel Merino,Athletic Bilbao
Anthony Martial,Besiktas JK
Calum Chambers,Crystal Palace
A. Elmohamady,Aston Villa
Kylian Mbappé,Real Madrid
Mateo Kovacic,Tottenham Hotspur
Renato Sanches,AC Milan
E. Mangala,Besiktas JK
Sergio Agüero,Chelsea FC
Lucas Leiva,SS Lazio
Robbie Keane,Birmingham City
Ashley Cole,Birmingham City
Adam Armstrong,Bolton Wanderers
Jonathan Viera,Swansea City
Tommy Elphick,Sunderland AFC
Danilo,Manchester City
Jetro Willems,Eintracht Frankfurt
Álvaro Negredo,Wolverhampton Wanderers
Loïc Rémy,Olympique Marseille
Loïc Rémy,Everton FC
Jorge Meré,Málaga CF
N. Oliveira,Wolverhampton Wanderers
R. Nainggolan,Inter Milan
Ryan Kent,Hull City
Cengiz Ünder,AS Roma
Renato Sanches,AC Milan
Matej Jelic,HNK Rijeka
Florent Malouda,Phoenix Rising FC
Mario Pasalic,SS Lazio
Anthony Martial,Inter Milan
SL Benfica want,re-sign Renato Sanches
Tom Huddlestone,Derby County
Nemanja Matic,Juventus FC
A. Ranocchia,West Bromwich Albion
Stewart Downing,Birmingham City
Ricardo Pereira,Tottenham Hotspur
Lucas Leiva,SS Lazio
Wesley Sneijder,Montreal Impact
B. Martins Indi,Crystal Palace
Z. Ibrahimovic,Los Angeles FC
Z. Ibrahimovic,Los Angeles Galaxy
B. Assombalonga,Middlesbrough FC
Darren Randolph,Newcastle United
L. Bonucci,AC Milan
Lucas Leiva,SS Lazio
Matty James,Derby County
Jack Wilshere,UC Sampdoria
Ahmed Hegazy,West Bromwich Albion
Steven Caulker,Celtic FC
Nélson Semedo,FC Barcelona
Sammir,Wuhan Zall
Bacary Sagna,West Bromwich Albion
Bacary Sagna,Crystal Palace
L. Bonucci,AC Milan
James Vaughan,Sunderland AFC
B. Assombalonga,Watford FC
Eloy Room,Everton FC
Riyad Mahrez,AS Roma
Z. Kuzmanović,Málaga CF
Cengiz Ünder,AS Roma
Douglas Luiz,Manchester City
J. Montero,Newcastle United
Jairo Riedewald,Crystal Palace
Fabian Schär,Hannover 96
Joe Hart,Liverpool FC
Danilo,Chelsea FC
Dani Alves,Paris Saint-Germain
Jannich Storch,MVV Maastricht
Jairo Riedewald,Everton FC
Lamine Koné,Burnley FC
Kurt Zouma,West Bromwich Albion
Kurt Zouma,Stoke City
Luciano Vietto,Southampton FC
G. Makaridze,Deportivo de La Coruña
Bachana Arabuli,Balmazújváros FC
Dani Alves,Paris Saint-Germain
C. Träsch,VfB Stuttgart
E. Mangala,Paris Saint-Germain
Andy Yiadom,Huddersfield Town
Toni Leistner,Norwich City
I. Martínez,Manchester City
Jacob Murphy,Newcastle United
Sheyi Ojo,Middlesbrough FC
Domingos Quina,Arsenal FC
A. Aréola,Newcastle United
Caleb Ekuban,Leeds United
Tongo Doumbia,GNK Dinamo Zagreb
Kamil Glik,Tottenham Hotspur
R. Loftus-Cheek,Crystal Palace
C. Benteke,Everton FC
Matija Nastasic,AS Roma
Adama Traoré,Newcastle United
Badou Ndiaye,West Ham United
Badou Ndiaye,Newcastle United
Olivier Ntcham,Celtic FC
Will Norris,Wolverhampton Wanderers
Dominic Samuel,Blackburn Rovers
Jack Cork,Burnley FC
Juan Foyth,Tottenham Hotspur
Wayne Rooney,Everton FC
N. Oliveira,Reading FC
Renan Bressan,FK Rostov
Samu Sáiz,Leeds United
Admir Mehmedi,OGC Nice
Joe Hart,Aston Villa
Mikel Merino,VfB Stuttgart
R. Zieler,VfB Stuttgart
Ignacio Camacho,VfL Wolfsburg
B. Martins Indi,West Ham United
Zanka,Huddersfield Town
R. Snodgrass,Sunderland AFC
Vitolo,Atlético Madrid
Karl Darlow,Reading FC
Michael Hector,Nottingham Forest
Yacouba Sylla,GNK Dinamo Zagreb
Ernest,FK Rostov
Andrea Conti,AC Milan
Lucas,AS Roma
Isaiah Brown,Brighton &amp;amp; Hove Albion
K. Stafylidis,Inter Milan
Cengiz Ünder,SC Freiburg
J. Augustin,RasenBallsport Leipzig
Andre Gray,West Ham United
Sam Gallagher,Birmingham City
J. Walters,Burnley FC
Ali Al-Habsi,Al-Hilal Riyadh
Loïc Rémy,Stade Rennais FC
Dani Ceballos,FC Barcelona
B. Galloway,Sunderland AFC
Tyias Browning,Sunderland AFC
A. Traustason,AEK Athens
Yuri Berchiche,Paris Saint-Germain
B. Assombalonga,Burnley FC
Graham Dorrans,Rangers FC
Joël Veltman,Crystal Palace
Kamil Grosicki,Newcastle United
Kamil Grosicki,Newcastle United
Bastian Oczipka,FC Schalke 04
Z. Junuzovic,Besiktas JK
G. Arlauskis,CFR Cluj
Danny Williams,Huddersfield Town
Scott Malone,Huddersfield Town
Pierre Fonkeu,Sunderland AFC
Vicente Iborra,Leicester City
Marc Wilson,West Bromwich Albion
Rúben Neves,Wolverhampton Wanderers
Joe Hart,Newcastle United
V. Odjidja-Ofoe,FK Krasnodar
E. Emenike,Olympiacos Piraeus
Jefferson,GD Chaves
Mitchell Dijks,Birmingham City
Javi García,FC Girondins Bordeaux
Olivier Giroud,Everton FC
A. Traustason,AEK Athens
Uroš Ćosić,AEK Athens
Uroš Ćosić,AEK Athens
A. Traustason,AEK Athens
H. Calhanoglu,AC Milan
Luiz Gustavo,Olympique Marseille
Diego Rolán,Fulham FC
Luis Muriel,Everton FC
Tom Adeyemi,Ipswich Town
Dani Ceballos,Real Madrid
Olivier Giroud,Everton FC
C. Musonda Jr.,Celtic FC
Kasey Palmer,Huddersfield Town
Stevie May,Aberdeen FC
Shaun Maloney,Aberdeen FC
Joe Hart,Manchester United
George Thomas,Leicester City
Marko Livaja,AEK Athens
Uroš Ćosić,AEK Athens
Uros Djurdjevic,CSKA Moscow
Mehdi Taremi,Olympiacos Piraeus
Marko Livaja,AEK Athens
J. de Guzmán,Eintracht Frankfurt
El Fardou Ben,Nottingham Forest
M. Ellingsen,Strømsgodset IF
S. Lobotka,SK Slavia Prag
Jorge Meré,FC Barcelona
Dalbert,Arsenal FC
Joshua King,Tottenham Hotspur
Jeremy Toljan,Chelsea FC
Cédric Bakambu,West Ham United
Anthony Modeste,West Ham United
Ben Gibson,Leicester City
Jeison Murillo,Stoke City
Thorgan Hazard,Stoke City
Emilijus Zubas,Middlesbrough FC
Ander Herrera,FC Barcelona
Wesley Sneijder,UC Sampdoria
Olivier Giroud,RasenBallsport Leipzig
Joe Gomez,Brighton &amp;amp; Hove Albion
R. Snodgrass wants,join Brighton &amp;amp; Hove Albion
Yusuf Yazici,West Ham United
Chicharito,West Ham United
José Izquierdo,West Ham United
Kieran Gibbs,Watford FC
Julien Ngoy,AS Monaco
J. Augustin,Borussia Dortmund
José Izquierdo,West Ham United
David Ospina,FC Nantes
Fabinho,Paris Saint-Germain
Alessio Cerci,Olympiacos Piraeus
A. Bouchalakis,Nottingham Forest
A. Donis,VfB Stuttgart
Danilo,Juventus FC
Nicolai Müller,VfL Wolfsburg
Gabriel Barbosa,VfB Stuttgart
B. Kapustka,SC Freiburg
Yuning Zhang,SV Werder Bremen
P. Aubameyang,Tianjin Quanjian
George Thomas,Swansea City
K. Manolas,Chelsea FC
Sheyi Ojo,Newcastle United
Kundai Benyu,Celtic FC
V. Klonaridis,AEK Athens
Muamer Tankovic,IFK Norrköping
Dardan Dakaj,Levante UD
Pontus Dahlberg,Tottenham Hotspur
A. Nilsson,Landskrona BoIS
Antony Kay,Port Vale FC
Wesley Sneijder,Los Angeles Football Club
Mateu Morey,Bayern Munich
Marko Livaja,AEK Athens
V. Klonaridis,AEK Athens
Tim Krul,HSC Montpellier
Kenny Tete,Crystal Palace
Neal Maupay,ES Troyes AC
E. Adebayor,SK Slavia Prag
Maxime Gonalons,AS Roma
Kevin Kampl,AC Milan
Diego Alves,Clube de Regatas do Flamengo
Vincent Marcel,Tottenham Hotspur
Gustavo Rosa,HNK Hajduk Split
Borja López,HNK Hajduk Split
Stevan Jovetic,AS Roma
Walace,SS Lazio
Yuning Zhang,SV Werder Bremen
Felix Wiedwald,Leeds United
Roque Mesa,Swansea City
Nampalys Mendy,FC Girondins Bordeaux
Francesco Totti,Tokyo Verdy
Eros Pisano,Bristol City
Madger Antonio,Leeds United
Maxime Biamou,Coventry City
Greg Stewart,Aberdeen FC
Nampalys Mendy,FC Girondins Bordeaux
R. te Loeke,Plymouth Argyle
Roque Mesa,Swansea City
Luka Jovic,Eintracht Frankfurt
Andy Halliday,FK Gabala
Enner Valencia,Tigres UANL
Joe Martin,Stevenage FC
Henry Onyekuru,Everton FC
Lucas Leiva,Trabzonspor
Vitolo,Chelsea FC
R. Nainggolan,Manchester United
Josh Bowler,Everton FC
Nathan Aké,AFC Bournemouth
Connor Mahoney,AFC Bournemouth
Danny,SK Slavia Prag
David Brooks,Everton FC
J. Menéndez,Zenit St. Petersburg
H. Calhanoglu,AC Milan
Matthias Ginter,Borussia Mönchengladbach
Rodrigo Rey,PAOK Thessaloniki
PAOK Thessaloniki want,re-sign Róbert Mak
O. Dembélé,Paris Saint-Germain
Kevin Kampl,Beijing Sinobo Guoan
Vincent Janssen,Borussia Mönchengladbach
Olivier Giroud,Olympique Lyon
Aron Gunnarsson,GNK Dinamo Zagreb
Mariano Díaz,Olympique Lyon
F. Diédhiou,Bristol City
Paulinho,FC Barcelona
Andreas Samaris,Newcastle United
Patrik Schick,Juventus FC
L. Mchedlidze,UC Sampdoria
Theo Hernández,Real Madrid
Jesús Vallejo,Real Madrid
G. Donnarumma,Real Madrid
Martin Skrtel,Swansea City
Johan Wiland,Hammarby IF
Nabil Bahoui,Malmö FF
Sulejman Krpic,FK Sloboda Tuzla
Dennis Aogo,FK Krasnodar
Fabio Borini,SS Lazio
Dennis Aogo,TSG 1899 Hoffenheim
S. Driussi,Zenit St. Petersburg
G. Kastanos,SV Zulte Waregem
Seydou Doumbia,Fenerbahce SK
Neto,Valencia CF
Rui Patrício,SSC Napoli
Neto,Watford FC
David Ball,Rotherham United
Ali Coote,Brentford FC
Craig Davies,Oldham Athletic
P. Tsintotas,AEK Athens
Faouzi Ghoulam,Liverpool FC
Blair Adams,Hartlepool United
Ben Whiteman,Doncaster Rovers
Max Clayton,Blackpool FC
Carlos Peña,Rangers FC
Asa Hall,Barrow AFC
Suso,Tottenham Hotspur
Kyle Lafferty,Heart of Midlothian FC
Haris Vuckic,FC Twente Enschede
Bradley Dack,Blackburn Rovers
Jozo Simunovic,SS Lazio
Paul Taylor,Bradford City
Victor Anichebe,Beijing Enterprises
Nathan Clarke,Grimsby Town
Paul McMullan,Dundee United FC
Abdoul Camara,EA Guingamp
Aidan McAdams,Rangers FC
Jan Lecjaks,GNK Dinamo Zagreb
C. McGeehan,Barnsley FC
Joel Grant,Plymouth Argyle
Nahki Wells,Burnley FC
Islam Slimani,Sporting CP
L. Depoitre,Huddersfield Town
Bradden Inman,Rochdale AFC
Dean Bowditch,Northampton Town
Stefan Stangl,HNK Rijeka
Nemanja Matic,Manchester United
Johan Dahlin,Malmö FF
Patrik Schick,Juventus FC
Kylian Mbappé,Liverpool FC
Pepe,Besiktas JK
A. Vellios,Olympiacos Piraeus
George Friend,Watford FC
Lucas Lima,FC Barcelona
Álvaro Negredo,AEK Athens
Lucas Biglia,AC Milan
Douglas Costa,Inter Milan
Viktor Fischer,1.FSV Mainz 05
Paul Dummett,Stoke City
Charlie Taylor,Burnley FC
André Hahn,Hamburger SV
Mario Pasalic,VfB Stuttgart
Paulinho,FC Barcelona
Alberto Moreno,SSC Napoli
Ben Gibson,Stoke City
W. Szczesny,Inter Milan
Aarón Caricol,FC Barcelona
Peter Vincenti,Coventry City
Marcelo Djaló,Fulham FC
Adam Campbell,Morecambe FC
Connor Smith,Yeovil Town
Jacob Murphy,Southampton FC
Jacob Murphy,Crystal Palace
Jacob Murphy,West Bromwich Albion
Jacob Murphy,Swansea City
Samir Nasri,Shanghai Greenland Shenhua
Sheyi Ojo,Newcastle United
Sheyi Ojo,Burnley FC
K. Iheanacho,Leicester City
Xherdan Shaqiri,AS Roma
R. van Persie,Feyenoord Rotterdam
Mateusz Klich,Leeds United
Marko Livaja,AEK Athens
Joe Ledley,Aston Villa
Seydou Doumbia,Sporting CP
Thomas Delaney,Brighton &amp;amp; Hove Albion
P. Retsos,Southampton FC
Will Hughes,Watford FC
Steve Mounié,Huddersfield Town
R. Lewandowski,Chelsea FC
Wesley Sneijder,Montreal Impact
G. Krychowiak,AC Milan
Liam Lindsay,Barnsley FC
Liam Boyce,Burton Albion
Luke Leahy,Walsall FC
Mark Gillespie,Walsall FC
Danny Ward,Cardiff City
B. Radunović,Benevento Calcio
B. Radunović,SPAL 2013
Zivko Zivkovic,PAOK Thessaloniki
V. Stojkovic,PAOK Thessaloniki
N. Maksimovic,UC Sampdoria
N. Radonjic,Red Star Belgrade
H. Nordtveit,TSG 1899 Hoffenheim
Lucas Lima,Paris Saint-Germain
Lucas Lima,Bayern Munich
Lucas Lima,Real Madrid
Lucas Lima,FC Barcelona
Lucas Lima,Chelsea FC
R. Lewandowski,Chelsea FC
Tal Ben Haim,AC Sparta Praha
Nordin Amrabat,Deportivo de La Coruña
Tal Ben Haim,AC Sparta Praha
Milan Badelj,Borussia Dortmund
René Adler,1.FSV Mainz 05
J. Mathieu,Sporting CP
Brad Guzan,Atlanta United FC
Nélson Semedo,Manchester United
E. Mangala,Olympique Lyon
Nathan Markelo,Everton FC
Rick Karsdorp,AS Roma
Mark Uth,1. FC Köln
Jay Rodríguez,West Bromwich Albion
Matz Sels,RSC Anderlecht
Lucas,Inter Milan
Brahim Konaté,SV Zulte Waregem
Alfredo Morelos,Rangers FC
Adam Chicksen,Bradford City
Nathan Markelo,Everton FC
Danny Newton,Stevenage FC
Brahim Konaté,Huddersfield Town
Phil Ofosu-Ayeh,Hull City
Éver Banega,RCD Espanyol Barcelona
Éver Banega,Sevilla FC
Josip Ilicic,UC Sampdoria
O. Karnezis,Torino FC
S. Sirigu,Torino FC
Kenny Tete,Galatasaray SK
L. Pellegrini,AS Roma
F. Acerbi,Galatasaray SK
Pietro Pellegri,AC Milan
E. Goldaniga,Genoa CFC
Papu Gómez,Inter Milan
Borja Valero,Inter Milan
G. Caprari,UC Sampdoria
Ryan Williams,Rotherham United
Dalbert,Inter Milan
Milan Skriniar,Inter Milan
Cristiano Ronaldo,Bayern Munich
Hirving Lozano,PSV Eindhoven
K. Manolas,Zenit St. Petersburg
Valeri Bojinov,Free agent
Calum Chambers,Everton FC
Steve Mounié,Fulham FC
N. Dimata,VfL Wolfsburg
Miralem Pjanic,FC Barcelona
J. Seri,FC Barcelona
C. Piccini,Sporting CP
J. Mathieu,Sporting CP
F. Coentrão,Sporting CP
Predrag Sikimic,FK Atyrau
Bruno Fernandes,Sporting CP
S. Handanovic,Paris Saint-Germain
Blaise Matuidi,Inter Milan
J. Seri,AS Roma
O. Dembélé,FC Barcelona
V. Aboubakar,Newcastle United
Jesús Navas,Zenit St. Petersburg
V. Lazaro,Hertha BSC
N. Isimat-Mirin,TSG 1899 Hoffenheim
J. Blaszczykowski,Chicago Fire
Enner Valencia,Tigres UANL
A. Oxlade-Chamberlain,Chelsea FC
Isaiah Brown,Huddersfield Town
Tammy Abraham,Swansea City
F. Andrijasevic,KAA Gent
FC Barcelona want,re-sign Gerard Deulofeu
Tammy Abraham,Hull City
Tomás Kalas,Hull City
Markus Suttner,Brighton &amp;amp; Hove Albion
Bernd Leno,AC Milan
Josh Tymon,Stoke City
Marco Verratti,FC Barcelona
Ryad Boudebouz,Bayer 04 Leverkusen
P. Aubameyang,Liverpool FC
Slavoljub Srnic,FC Sion
A. Zivkovic,Arsenal FC
Danilo Pantic,FK Partizan Belgrade
Rachid Ghezzal,AS Roma
Cristiano Ronaldo,Hertha BSC
R. Zivkovic,KV Oostende
R. van Persie,Feyenoord Rotterdam
Z. Ibrahimovic,FC Chamois Niort
Z. Ibrahimovic,Hertha BSC
G. Felicioli,Atalanta BC
Luca Vido,Atalanta BC
Andrea Conti,AC Milan
B. Traoré,Olympique Lyon
Amin Younes,Torino FC
Jordi Mboula,AS Monaco
S. Meïté,AS Monaco
Gabriel Paletta,Genoa CFC
Mattia Perin,AC Milan
Ángel Correa,Inter Milan
Cristiano Ronaldo,Chelsea FC
A. Oxlade-Chamberlain,Chelsea FC
A. Lacazette,Chelsea FC
Dani Alves,Manchester City
Adnan Januzaj,Real Sociedad
Sander Berge,Arsenal FC
Samir Nasri,Besiktas JK
Samir Nasri,Galatasaray SK
M'Baye Niang,Arsenal FC
P. Retsos,Borussia Mönchengladbach
Sokratis,Chelsea FC
Y. Carrasco,Bayern Munich
Adama Traoré,West Ham United
Bafetimbi Gomis,Galatasaray SK
George Hirst,Everton FC
Marco Verratti wants,join FC Barcelona
Patrik Schick,Juventus FC
Eldin Jakupovic,Leicester City
Anthony Modeste,Tianjin Quanjian
Gabriel Barbosa,UD Las Palmas
Tom Ince,Huddersfield Town
Lazar Markovic,Watford FC
Steven N'Zonzi,Juventus FC
Pepe,Paris Saint-Germain
Emil Forsberg,AC Milan
Lucas Leiva,Newcastle United
Aaron Mooy,Huddersfield Town
Mesut Özil,Paris Saint-Germain
Y. Belhanda,Galatasaray SK
Olivier Giroud,West Ham United
Willy Caballero,Chelsea FC
Jonny Evans,Leicester City
Jan Bednarek,Southampton FC
A. Robertson,Burnley FC
Tom Cairney,Newcastle United
Marco Verratti,FC Barcelona
Lorenzo Insigne,Chelsea FC
OGC Nice want,re-sign Carlos Eduardo
Andre Wisdom,Derby County
John Terry,Aston Villa
Douglas Costa,Juventus FC
Milan Mitrovic,FK Partizan Belgrade
Marko Simic,FK Partizan Belgrade
J. Seri,AS Roma
Diego Benaglio,AS Monaco
Davy Klaassen,Everton FC
André Silva,AC Milan
Vlad Chiriches,Galatasaray SK
Martin Woods,Dundee FC
Adam Lallana,Chelsea FC
Kylian Mbappé,Paris Saint-Germain
B. Mbunga Kimpioka,Arsenal FC
Joel Asoro,Arsenal FC
Dusan Tadic,Liverpool FC
Sammy Ameobi,Bolton Wanderers
Glenn Whelan,Aston Villa
Florian Lejeune,Newcastle United
A. Golovin,Arsenal FC
C. Tolisso,Bayern Munich
Bacary Sagna,Manchester City
Michy Batshuayi,AS Monaco
Ahmed Musa,Fenerbahce SK
Hirving Lozano,Manchester City
Keita Baldé,AC Milan
Saidy Janko,Reading FC
Jake Cooper,Millwall FC
Amine Harit,FC Schalke 04
Max Kruse,West Ham United
Mario Vrancic,Norwich City
Matthias Ginter,Tottenham Hotspur
G. Krychowiak,VfL Wolfsburg
Marko Bakic,Dinamo Bukarest
Lucas Leiva,Grêmio Foot-Ball Porto Alegrense
Fabian Delph,West Bromwich Albion
Fabian Delph,Stoke City
Riyad Mahrez,Chelsea FC
Denis Zakaria,Borussia Mönchengladbach
J. Mathieu,Bayer 04 Leverkusen
H. Badstuber,Sporting CP
Henry Onyekuru,West Ham United
Gelson Martins,Liverpool FC
J. Mathieu,Olympique Marseille
A. Gignac,Stade Rennais FC
Mario Lemina,Watford FC
Mario Lemina,Arsenal FC
Rúben Semedo,Villarreal CF
L. Bonucci,Chelsea FC
Jonathan Bond,Walsall FC
O. Dembélé,FC Barcelona
Max Meyer,TSG 1899 Hoffenheim
Liam Moore,Burnley FC
Kamil Grosicki,Watford FC
O. Elabdellaoui,Watford FC
Eldin Jakupovic,Watford FC
Craig Tanner,Motherwell FC
Diego Costa,AC Milan
Chey Dunkley,Wigan Athletic
C. Budescu,FCS Bucharest
Tammy Abraham,Brighton &amp;amp; Hove Albion
Yaya Sanogo,Free agent
Moussa Sanoh,Crawley Town
Á. Rodríguez,Queens Park Rangers
J. Seri,FC Barcelona
Vitor Hugo,ACF Fiorentina
C. Eriksen,FC Barcelona
Mathew Ryan,Brighton &amp;amp; Hove Albion
Adam Smith,Tottenham Hotspur
R. Nainggolan,Manchester United
Ryan Bertrand,Manchester City
Rúben Semedo,Southampton FC
F. Coentrão,Sporting CP
Vujadin Savic,Red Star Belgrade
V. Vukadinovic,AC Sparta Praha
Bentley,Red Star Belgrade
O. Svatok,Red Star Belgrade
A. Mitrovic,Fenerbahce SK
Romelu Lukaku,Bayern Munich
Vieirinha wants,rejoin PAOK Thessaloniki
Pepe,Paris Saint-Germain
Calum Chambers,Newcastle United
Tammy Abraham,Newcastle United
Josip Elez,FC Schalke 04
Naby Keïta,Liverpool FC
W. Szczesny,Juventus FC
Kyle McClean,St. Johnstone FC
Dimitar Mitov,Cambridge United
Fábio Cardoso,Rangers FC
Dálcio,Rangers FC
Mario Balotelli,Hellas Verona
Antonio Cassano,Hellas Verona
Fabinho,Paris Saint-Germain
Damir Kahriman,AE Larisa
Mario Maslac,Melbourne City FC
O. Dembélé,FC Barcelona
Dion Pereira,Reading FC
Modou Diagne,Reading FC
Modou Diagne,Stoke City
Liam Kelly,Swansea City
Dalbert,Inter Milan
A. Lacazette,Liverpool FC
W. Szczesny,Juventus FC
Jamie Vardy,Everton FC
Dragos Nedelcu,FCS Bucharest
G. Rodríguez,Olympiacos Piraeus
J. Rodríguez,AC Milan
Eden Hazard,Real Madrid
J. Rodríguez,AC Milan
Nélson Semedo,FC Barcelona
Keita Baldé,Liverpool FC
Pedro Obiang,Everton FC
Nolito,Sevilla FC
Steve Mandanda,Olympique Marseille
Reece Oxford,Borussia Mönchengladbach
Willy Caballero,Newcastle United
Gareth Bale,Manchester United
Max Kruse,Everton FC
R. Loftus-Cheek,AFC Bournemouth
Andrea Belotti,AC Milan
Sam Johnstone,Watford FC
Rúben Semedo,Newcastle United
Olimpiu Morutan,PSV Eindhoven
Dusan Vlahovic,ACF Fiorentina
Saša Jovanovic,Red Star Belgrade
Ryan Sessegnon,Manchester United
P. Aubameyang,Paris Saint-Germain
Steve Mounié,West Bromwich Albion
Ferland Mendy,Watford FC
Ismaïla Sarr,Newcastle United
A. Lacazette,Manchester United
Mohamed Salah,Liverpool FC
Jeremain Lens,Besiktas JK
Alexis Sánchez,Manchester City
P. Aubameyang,Paris Saint-Germain
Ashley Fletcher,Huddersfield Town
Davie Selke,Hertha BSC
Enes Ünal,Villarreal CF
Darren Fletcher,Stoke City
William,VfL Wolfsburg
André Hahn,Eintracht Frankfurt
Roman Zobnin,AS Roma
Roman Zobnin,FC Schalke 04
Rincón,FK Partizan Belgrade
Marko Jovanovic,FK Partizan Belgrade
Chris Porter,Crewe Alexandra
Enes Ünal,Villarreal CF
A. Lacazette,Atlético Madrid
Dominic Solanke wants,join Liverpool FC
Kylian Mbappé,Liverpool FC
J. Seri,Paris Saint-Germain
Bruno Alves,Rangers FC
Karim Rekik,Hertha BSC
B. Traoré,TSG 1899 Hoffenheim
Rafinha,Liverpool FC
Moussa Sissoko,Olympique Marseille
Omar Kharbin,Al-Ahli Jeddah
A. Chipciu,Real Betis Balompié
Bruma,RasenBallsport Leipzig
Pepe Reina,Newcastle United
J. Boateng,Chelsea FC
Wayne Rooney,Stoke City
Thomas Lemar,Tottenham Hotspur
Franck Kessié,AC Milan
J. Brooks,VfL Wolfsburg
Danny Rose,Manchester United
Nolito,Celta de Vigo
Nolito,Atlético Madrid
Ante Coric,UC Sampdoria
Domagoj Vida,Besiktas JK
Cengiz Ünder,Tottenham Hotspur
A. Ranocchia,Newcastle United
F. Bernardeschi wants,join Juventus FC
C. Washington,Birmingham City
Jonny Hayes,Birmingham City
Jordan Pickford,West Ham United
Chicharito,Olympique Lyon
G. Fernandes,Eintracht Frankfurt
Konrad Laimer,RasenBallsport Leipzig
L. Koscielny,Olympique Marseille
E. Mangala,Newcastle United
Ivan Perisic,Chelsea FC
A. Rüdiger,Inter Milan
R. Nainggolan,Inter Milan
Patrik Schick,Liverpool FC
Benjamin Mendy,Liverpool FC
V. Stojkovic,FK Partizan Belgrade
A. Palocevic,FK Partizan Belgrade
M. Braithwaite,ACF Fiorentina
P. Aubameyang,Paris Saint-Germain
Á. Di María,Inter Milan
Petar Skuletic,FK Partizan Belgrade
Jakob Johansson,GNK Dinamo Zagreb
Filip Bradaric,Sporting CP
Bernardo Silva,Manchester City
Tammy Abraham,Newcastle United
Álvaro Morata,AC Milan
Omar Colley,Watford FC
W. Carvalho,Newcastle United
Bruma,RasenBallsport Leipzig
Moutari Amadou,FK Partizan Belgrade
Zoran Tosic,FK Partizan Belgrade
A. Palocevic,FK Partizan Belgrade
A. Rukavina,FK Partizan Belgrade
V. Stojkovic,FK Partizan Belgrade
Marko Jovanovic,FK Partizan Belgrade
Petar Skuletic,FK Partizan Belgrade
Aaron Mooy,Brighton &amp;amp; Hove Albion
K. Iheanacho,West Bromwich Albion
Yann Karamoh,Newcastle United
FC Barcelona want,re-sign Gerard Deulofeu
Mohamed Salah,Liverpool FC
Bafetimbi Gomis,Galatasaray SK
Neven Subotic,Hamburger SV
Manuel Lanzini,Chelsea FC
Manuel Lanzini,Chelsea FC
B. Traoré,Olympique Lyon
Alex Lacey,Gillingham FC
Iker Casillas,Liverpool FC
C. Berra,Heart of Midlothian FC
Jermain Defoe,AFC Bournemouth
Emre Mor,Real Madrid
Vitolo,Atlético Madrid
Sandro Ramírez,Atlético Madrid
Fabinho,Atlético Madrid
Henry Onyekuru,Arsenal FC
André Hahn,Hertha BSC
Yuri Berchiche,Real Madrid
Yaya Touré,West Ham United
Eden Hazard,Real Madrid
Youri Tielemans,AS Monaco
Genki Haraguchi,Brighton &amp;amp; Hove Albion
Mathew Leckie,Hertha BSC
Vincenzo Grifo,Borussia Mönchengladbach
Moreto Cassamá,Borussia Mönchengladbach
Valère Germain,Olympique Marseille
Max Kruse,Tianjin Quanjian
Jhon Córdoba,1. FC Köln
A. Lacazette,Atlético Madrid
A. Golovin,Chelsea FC
Florinel Coman,SL Benfica
Kurt Zouma,Olympique Marseille
John Terry,Swansea City
K. Iheanacho,Everton FC
K. Iheanacho,West Ham United
Kurt Zouma,Valencia CF
Matthias Ginter,TSG 1899 Hoffenheim
S. Driussi,Borussia Dortmund
Amin Younes,RasenBallsport Leipzig
Jozo Simunovic,Newcastle United
Niko Kranjcar,Birmingham City
Ivan Perisic,Paris Saint-Germain
P. Aubameyang,Tianjin Quanjian
Jardel,West Bromwich Albion
Petar Skuletic,FK Vojvodina Novi Sad
Harry Maguire,Leicester City
Andre Gray,Everton FC
Mauricio Lemos,Everton FC
Nolito,Real Betis Balompié
O. Karnezis,Newcastle United
Jay Rodríguez,Newcastle United
Peter Crouch,Birmingham City
Harry Maguire,Newcastle United
Harry Maguire,Liverpool FC
Maciej Rybus,CSKA Moscow
G. Imbula,OGC Nice
Danny Welbeck,Galatasaray SK
G. Imbula,AS Roma
Víctor Valdés,Manchester City
Nathan Thomas,Middlesbrough FC
Thomas Lemar,Arsenal FC
Marten de Roon,Everton FC
Dani Alves,Chelsea FC
Yaya Touré,West Ham United
Nathan Thomas,Sheffield United
Shaun Maloney,Aberdeen FC
T. Vermaelen,Watford FC
Kevin Stewart,Aston Villa
Kevin Stewart,Norwich City
Kevin Stewart,Derby County
Kevin Stewart,Burnley FC
Kevin Stewart,Brighton &amp;amp; Hove Albion
David Stockdale,Leeds United
David Stockdale,Crystal Palace
R. Rodríguez,AC Milan
Lamine Koné,Crystal Palace
Lamine Koné,West Bromwich Albion
Vinícius Júnior,Real Madrid
Mario Balotelli,UD Las Palmas
Sandro Ramírez,Everton FC
Mohamed Salah,Atlético Madrid
Ross Barkley,Arsenal FC
Serge Gnabry,RasenBallsport Leipzig
A. Lacazette,Atlético Madrid
Y. Konoplyanka,Fenerbahce SK
Jorge Meré,SV Werder Bremen
Jorge Meré,1. FC Köln
Enes Ünal,Borussia Dortmund
J. Seri,Tottenham Hotspur
J. Seri,Arsenal FC
I. Nedelcearu,Manchester United
Stephen Odey,FC Midtjylland
Seydou Doumbia,CSKA Moscow
Stephen Odey,FK Krasnodar
V. Bichakhchyan,Galatasaray SK
G. Krychowiak,Inter Milan
Youri Tielemans,Manchester City
Bruma,Tottenham Hotspur
Kyle Walker,Manchester City
Jan Oblak,Manchester United
Lukas Hradecky,Bayern Munich
Davie Selke,SV Werder Bremen
Jesús Navas,Sevilla FC
Serge Gnabry,TSG 1899 Hoffenheim
Serge Gnabry,Borussia Dortmund
Wayne Rooney,Everton FC
Andrea Belotti,Manchester United
Jonathan Cafú,West Ham United
K. Richardson,Granada CF
Nigel Reo-Coker,Granada CF
Ignacio Camacho,Valencia CF
Ched Evans,Sheffield United
Kyle Walker,Bayern Munich
Alex Cairns,West Ham United
Marquinhos,Manchester United
Fabinho,Juventus FC
Youri Tielemans,Everton FC
Serge Aurier,FC Barcelona
C. Tolisso,Tottenham Hotspur
J. Rodríguez,Inter Milan
Fabinho,Inter Milan
Erhan Masovic,Club Brugge KV
Talisca,Manchester United
I. Nestorovski,Everton FC
Virgil van Dijk,Arsenal FC
Toni Kroos,Manchester United
Eric Dier,Manchester United
Michael Keane,Tottenham Hotspur
Douglas Costa,Tottenham Hotspur
Nikola Kalinic,AC Milan
T. Alderweireld,Inter Milan
Kyle Walker,Inter Milan
W. Szczesny,SSC Napoli
Isco,Paris Saint-Germain
Felipe,Inter Milan
G. Imbula,Galatasaray SK
Jeremain Lens,SSC Napoli
Henry Onyekuru,Southampton FC
W. Szczesny,Arsenal FC
Juan Mata,Besiktas JK
Pontus Jansson,Southampton FC
G. Sigurdsson,Southampton FC
Malcom,Sevilla FC
Malcom,Inter Milan
Malcom,AS Roma
Jesús Corona,Borussia Dortmund
A. Lacazette,Borussia Dortmund
Zoran Tosic,Galatasaray SK
Zoran Tosic,Trabzonspor
Jonathan Cafú,FC Schalke 04
Sead Kolasinac,Everton FC
John Terry,Arsenal FC
Marcelo,Botafogo Rio de Janeiro
John Terry,Birmingham City
John Terry,West Bromwich Albion
O. Dembélé,Manchester United
Saúl Ñíguez,Manchester City
Michael Keane,Manchester United
Dusan Tadic,AS Roma
Dusan Tadic,Atlético Madrid
A. Elmohamady,Stoke City
Romelu Lukaku,Manchester United
Milan Skriniar,Atlético Madrid
Marco Borriello,Toronto FC
Patrik Schick,Juventus FC
Patrik Schick,Inter Milan
Blerim Dzemaili,Montreal Impact
F. Bernardeschi,Juventus FC
Leon Goretzka,Bayern Munich
Fabio Borini,Celtic FC
F. Bernardeschi,Chelsea FC
Leon Goretzka,Juventus FC
Borja Mayoral,VfL Wolfsburg
Omar Mascarell,VfL Wolfsburg
J. Mascherano,Galatasaray SK
Henry Onyekuru,West Bromwich Albion
Mitchell Weiser,RasenBallsport Leipzig
Jan Oblak,Manchester United
P. Coutinho,Real Madrid
Eden Hazard,Paris Saint-Germain
Joe Hart,Manchester United
Joe Hart,Liverpool FC
Xabi Alonso,Retired
Marco Verratti,Bayern Munich
S. Milinkovic-Savic,Inter Milan
S. Milinkovic-Savic,Juventus FC
Gerard Deulofeu,FC Barcelona
Henry Onyekuru,Celtic FC
Kyle Bartley,Burnley FC
Ross Barkley,Manchester United
S. Milinkovic-Savic,Chelsea FC
Lucas Pérez,Paris Saint-Germain
Jorge Meré,Chelsea FC
Dusan Tadic,Arsenal FC
J. Mascherano,Manchester United
J. Mascherano,Arsenal FC
Arda Turan,Chelsea FC
Naby Keïta,Liverpool FC
Jesús Navas,AS Roma
Vincent Kompany,Everton FC
Vincent Kompany,West Ham United
Vicent Company,West Ham United
Gerard Deulofeu,SSC Napoli
Ben Gibson,Leicester City
Kylian Mbappé,Real Madrid
Andrea Barzagli,New York Cosmos
John Terry,Al-Nasr Salalah
Dusan Tadic,SSC Napoli
Dusan Tadic,AC Milan
Dusan Tadic,Inter Milan
Dusan Tadic,Juventus FC
Álvaro Morata,Tottenham Hotspur
Cesc Fàbregas,Atlético Madrid
Álvaro Morata,Manchester United
Álvaro Morata,Arsenal FC
Felipe Vizeu,SL Benfica
Kylian Mbappé,FC Barcelona
Bernardo Silva,FC Barcelona
Marco Verratti,FC Barcelona
L. Pellegrini,AC Milan
Mateo Musacchio,AC Milan
Sead Kolasinac,AC Milan
Dusan Tadic,Real Madrid
C. Pulisic,Tottenham Hotspur
Romelu Lukaku,West Ham United
Denis Alibec,Crystal Palace
J. Rodríguez,Liverpool FC
Marcos Llorente,Paris Saint-Germain
Carlos Soler,Bayern Munich
Neymar,Real Madrid
Elseid Hysaj,Arsenal FC
Elseid Hysaj,Manchester United
Max Meyer,Tottenham Hotspur
George Boyd,Aston Villa
Marc Cucurella,Borussia Dortmund
Leonardo Ulloa,West Bromwich Albion
Tammy Abraham,Leicester City
Luke Armstrong,Middlesbrough FC
J. Rodríguez,Arsenal FC
Glen Johnson,Crystal Palace
Jeison Murillo,Leicester City
Jordi Alba,Manchester United
Jordi Alba,Chelsea FC
Aarón Caricol,Manchester United
David López,Manchester United
Benjamin Mendy,Manchester United
Benjamin Mendy,Manchester City
Benjamin Mendy,Chelsea FC
Marc Cucurella,Manchester City
Tyrell Robinson,Watford FC
Lorenzo Insigne,Liverpool FC
Bojan Krkic,RCD Espanyol Barcelona
Srdjan Plavsic,Bursaspor
Michael Carrick,Newcastle United
Willian José,Southampton FC
Willian José,Watford FC
Willian José,Everton FC
Willian José,Newcastle United
Adnan Januzaj,SSC Napoli
Adnan Januzaj,AS Roma
Davy Klaassen,SS Lazio
S. Sirigu,Bayern Munich
Paulinho,Bayern Munich
Wilfried Zaha,Manchester City
Theo Hernández,FC Barcelona
Theo Hernández,Real Madrid
K. Großkreutz,SV Darmstadt 98
Youri Tielemans,Borussia Dortmund
Youri Tielemans,AS Monaco
Lucas Biglia,Chelsea FC
Daley Blind,AC Milan
Alberto Moreno,Atlético Madrid
S. Milinkovic-Savic,Manchester United
Dries Mertens,Manchester United
Alexis Sánchez,Manchester City
Youri Tielemans,Arsenal FC
G. Sigurdsson,Everton FC
Robert Zulj,Everton FC
Youri Tielemans,AS Monaco
Ryan Leonard,Sheffield United
Ezequiel Barco,AC Milan
Olivier Giroud,Olympique Marseille
Naby Keïta,Tottenham Hotspur
Kahraba,FC Porto
Omar Al-Soma,FC Porto
FC Porto want,re-sign R. Quaresma
Alexis Sánchez,Manchester United
Cédric Soares,Chelsea FC
Jack Wilshere,West Ham United
Marco Asensio,Juventus FC
O. Özyakup,AS Roma
H. Bellerín,Juventus FC
Mahmoud Dahoud,Borussia Dortmund
Greg Tansey,Aberdeen FC
Javier Pastore,Chelsea FC
Diego Costa,Paris Saint-Germain
Thomas Lemar,Chelsea FC
Jeremy Toljan,Chelsea FC
David Stockdale,Chelsea FC
Moussa Sissoko,Chelsea FC
Harry Maguire,Everton FC
Alex Sandro,Chelsea FC
David Alaba,Chelsea FC
Andre Gray,Newcastle United
Danny Rose,Manchester City
Moses Simon,West Bromwich Albion
Ivan Perisic,Manchester United
Johan Djourou,West Ham United
Leon Goretzka,Tottenham Hotspur
Leon Goretzka,Arsenal FC
Michael Keane,Liverpool FC
Arda Turan,Arsenal FC
Sead Kolasinac,Manchester City
Jason Cummings,Sunderland AFC
Wayne Rooney,West Ham United
B. Schweinsteiger,Chicago Fire
Milan Skriniar,West Bromwich Albion
Kieran Tierney,Arsenal FC
Lionel Messi,Manchester City
Berkay Özcan,Arsenal FC
Timo Werner,Liverpool FC
Ross Barkley,Chelsea FC
Mario Mandzukic,West Ham United
Trezeguet,Liverpool FC
Lucas Pérez,West Ham United
Chris Willock,Celtic FC
Tolgay Arslan,Sunderland AFC
Billy Gilmour,Chelsea FC
Daishawn Redan,Chelsea FC
Joshua Kimmich,Manchester City
Z. Ibrahimovic,Los Angeles Galaxy
Ryan Sessegnon,Everton FC
Steve Cook,West Bromwich Albion
Jordan Pickford,Manchester City
Ben Gibson,Arsenal FC
Ben Gibson,West Ham United
Isco,Juventus FC
Andrea Belotti,Manchester City
R. Lewandowski,Manchester United
Kylian Mbappé,Manchester United
Luka Adzic,Sunderland AFC
Seko Fofana,Everton FC
Seko Fofana,West Ham United
Kurt Zouma,AS Roma
Jordan Pickford,Everton FC
Rui Patrício,Watford FC
Nabil Bentaleb,FC Schalke 04
Kyle Walker,FC Barcelona
Harry Maguire,Tottenham Hotspur
Cédric Soares,FC Barcelona
Moussa Sissoko,AC Milan
Michael Essien,HNK Rijeka
Thomas,West Ham United
Bacary Sagna,West Ham United
Pablo Zabaleta,West Ham United
Keita Baldé,AC Milan
Ghayas Zahid,Manchester City
Keita Baldé,Manchester United
Timothy Tillman,Manchester City
A. Griezmann,Paris Saint-Germain
Iñaki Williams,Borussia Dortmund
Iñaki Williams,Juventus FC
Silvan Widmer,FC Barcelona
A. Griezmann,Arsenal FC
Andrea Belotti,Real Madrid
Isco,Chelsea FC
Sead Kolasinac,Arsenal FC
Joe Hart,Arsenal FC
Matteo Darmian,Inter Milan
Alexis Sánchez,Inter Milan
Lukas Culjak,FK Vojvodina Novi Sad
Lazaros Fotias,FK Vojvodina Novi Sad
G. Ramírez,Liverpool FC
Abel Hernández,Changchun Yatai
Abel Hernández,Everton FC
G. N'Koudou,FC Nantes
P. Rajkovic,Arsenal FC
R. Loftus-Cheek,Borussia Mönchengladbach
Freddy Adu,Portland Timbers
Carlos Bacca,Tianjin Quanjian
Lionel Messi,Manchester City
B. Henrichs,Bayern Munich
Nabil Fekir,Real Madrid
Miguel Borja,Sociedade Esportiva Palmeiras
Nabil Fekir,FC Barcelona
Piotr Zielinski,Real Madrid
N. Dimitrijevic,FK Rad
Blaise Matuidi,Juventus FC
Y. Carrasco,Bayern Munich
Y. Carrasco,Paris Saint-Germain
Blaise Matuidi,Arsenal FC
R. Rodríguez,Liverpool FC
Y. Carrasco,Arsenal FC
Y. Carrasco,Manchester United
Lyanco,Atlético Madrid
N. Milenkovic,RSC Anderlecht
N. Milenkovic,Villarreal CF
N. Milenkovic,Juventus FC
P. Aubameyang,AC Milan
S. Mijailovic,Krylya Sovetov Samara
Sergio Agüero,AC Milan
João Cancelo,Chelsea FC
Lucas Mugni,Blackburn Rovers
Ricardo Pereira,Liverpool FC
Vincent Janssen,VfL Wolfsburg
N. De La Cruz,Liverpool FC
N. De La Cruz,FC Barcelona
I. Nestorovski,Atlético Madrid
I. Nestorovski,Sevilla FC
I. Nestorovski,SS Lazio
Timothy Tillman,FC Barcelona
Fabian Benko,Tottenham Hotspur
Joshua Kimmich,Tottenham Hotspur
Douglas Costa,Tottenham Hotspur
Dele Alli,Bayern Munich
Kevin Kuranyi,Dinamo Brest
Viveiros,Red Star Belgrade
Cesc Fàbregas,Real Madrid
Nathan Aké,Southampton FC
Emir Spahic,FC St. Gallen 1879
Sergio Agüero,Chelsea FC
Sergio Agüero,Paris Saint-Germain
Paulo Dybala,Chelsea FC
Ben Brereton,Manchester United
Ben Brereton,Liverpool FC
W. Carvalho,Manchester City
Cheik Tioté,Beijing Enterprises
Connor Jennings,Macclesfield Town
S. Milosevic,FK Spartak Subotica
Ryan Sessegnon,Tottenham Hotspur
Ryan Sessegnon,Liverpool FC
A. Lacazette,FC Barcelona
Hugo Lloris,Real Madrid
Gareth Bale,Manchester United
Gareth Bale,Chelsea FC
Asmir Begovic,Galatasaray SK
Felipe Anderson,Tianjin Quanjian
Mijat Gacinovic,AC Milan
Mijat Gacinovic,Juventus FC
I. Bandalovski,Bolton Wanderers
G. Samaras,Real Zaragoza
G. Samaras,New York Cosmos
Milan Milanovic,AC Pisa 1909
Robbie Keane,Al-Ahli Dubai Club
A. Zivkovic,Arsenal FC
Yaw Yeboah,FC Porto
Cheik Tioté,Shandong Luneng Taishan
Y. Aiyegbeni,Coventry City
K. Manolas,Inter Milan
Mariano Díaz,West Ham United
Mariano Díaz,Southampton FC
Mariano Díaz,Leicester City
Riyad Mahrez,Tottenham Hotspur
Shane Griffin,Cork City FC
Alexis Sánchez,Atlético Madrid
Marco Asensio,Manchester United
Paulo Dybala,Manchester City
Mesut Özil,Paris Saint-Germain
Karl Darlow,Chelsea FC
Hernanes,Hebei China Fortune
Edin Dzeko,Olympique Marseille
George Hirst,Arsenal FC
H. Calhanoglu,Chelsea FC
George Hirst,Everton FC
Claudio Bravo,AC Milan
Karim Benzema,Arsenal FC
A. Lacazette,Liverpool FC
Sergio Agüero,Chelsea FC
Rivaldinho,Dinamo Bukarest
Marco Verratti,Inter Milan
Kylian Mbappé,Arsenal FC
Nélson Semedo,Manchester United
Álvaro Morata,Chelsea FC
Nikola Drincic,FK Partizan Belgrade
T. Bakayoko,Chelsea FC
Djibril Sidibé,Chelsea FC
G. Donnarumma,Real Madrid
Isco,Juventus FC
G. Donnarumma,Liverpool FC
Isco,Liverpool FC
Isco,Tottenham Hotspur
Sergio Agüero,Inter Milan
Dele Alli,Bayern Munich
S. Handanovic,Liverpool FC
Dejan Drazic,Krylya Sovetov Samara
Dejan Drazic,CD Nacional
Hernanes,Guangzhou Evergrande Taobao
Hernanes,São Paulo Futebol Clube
Daniel Hanslik,Arsenal FC
Joe Hart,Chelsea FC
Z. Ibrahimovic,SSC Napoli
S. El Fitouri,Chesterfield FC
William Opoku,Middlesbrough FC
P. Torrejón,Middlesbrough FC
R. Petrovic,Rio Ave FC
Maxime López,Chelsea FC
Asmir Begovic,Watford FC
Heurelho Gomes,Chelsea FC
P. Aubameyang,Real Madrid
G. Fernandes,Crystal Palace
Alfred N'Diaye,Hull City
Serge Gakpé,Chievo Verona
Nikola Djurdjic,Randers FC
Bojan Ostojic,RC Lens
Arouna Koné,Crystal Palace
Ross McCormack,Nottingham Forest
Lewis Grabban,Reading FC
Nadir Ciftci,Motherwell FC
Nathan Aké,AFC Bournemouth
Aaron Ramsdale,AFC Bournemouth
Aaron Ramsdale,Everton FC
Marc Klok,Dundee United FC
A. Guédioura,Middlesbrough FC
Tim Krul,AZ Alkmaar
O. El Kaddouri,FC Empoli
O. El Kaddouri,Trabzonspor
N. Mihajlovic,AS Saint-Étienne
Vincent Janssen,Galatasaray SK
Ricardo Kishna,LOSC Lille
F. Cartabia,SC Braga
Arouna Koné,Sunderland AFC
Adil Rami,Olympique Marseille
Adil Rami,Paris Saint-Germain
Ante Budimir,SS Lazio
F. Djordjevic,UC Sampdoria
Dejan Drazic,FK Partizan Belgrade
Pajtim Kasami,SS Lazio
Borja Bastón,Villarreal CF
Kevin van Veen,Henan Jianye
H. Medunjanin,Philadelphia Union
Hamit Altintop,SV Darmstadt 98
A. Hjulsager,Celta de Vigo
J. Onguene,VfB Stuttgart
Ryan Hedges,Barnsley FC
J. Rondón,Tianjin Quanjian
Andrea Belotti,Chelsea FC
Jay Rodríguez,Sunderland AFC
J. Gayá,Manchester City
Josh Windass,Hull City
David Pizarro,Club Universidad de Chile
Fabian Schär,FC Girondins Bordeaux
H. Kiyotake,Hamburger SV
Nani,Hull City
Kamil Grosicki,Hull City
Admir Mehmedi,Hamburger SV
Nicolas Pepe,Hamburger SV
Nicolas Pepe,Olympique Marseille
J. Biabiany,AC Milan
Moritz Leitner,FC Augsburg
A. Baumjohann,1.FC Nuremberg
A. Baumjohann,Karlsruher SC
Josip Brekalo,VfB Stuttgart
Kévin Malcuit,West Ham United
Nicolas Pepe,Hull City
Luca Cigarini,Cagliari Calcio
Alessio Cerci,US Palermo
G. Imbula,Torino FC
E. Sviatchenko,Southampton FC
Luke Chambers,Nottingham Forest
Felipe Caicedo,Chievo Verona
Ricardo Kishna,Chievo Verona
Dusan Micic,FC Bunyodkor
A. Candreva,Chelsea FC
Steven Caulker,Lokomotiv Moscow
Ashley Westwood,Burnley FC
Tim Krul,Watford FC
Scott Hogan,Aston Villa
J. Biabiany,Chelsea FC
Luiz Araujo,LOSC Lille
Tim Krul,Watford FC
Santiago Bueno,CA Peñarol
Neil Taylor,Aston Villa
Jordan Ayew,Swansea City
Arouna Koné,Queens Park Rangers
Molla Wague,Leicester City
Scott Hogan,Crystal Palace
Matt Smith,Queens Park Rangers
Chuba Akpom,Brighton &amp;amp; Hove Albion
Tom Cairney,Middlesbrough FC
Zakaria Bakkali,Real Betis Balompié
Zakaria Bakkali,FC Porto
Zakaria Bakkali,Club Brugge KV
J. Biabiany,US Palermo
N. Mihajlovic,VfB Stuttgart
J. Martínez,West Ham United
J. Martínez,Chelsea FC
Ashley Fletcher,Leeds United
Alfonso Pedraza,Leeds United
Pablo Insua,Swansea City
A. Ranocchia,Hull City
R. Alessandrini,Los Angeles Galaxy
Valeri Bojinov,Beijing Enterprises
A. Guédioura,Hull City
E. Giaccherini,AS Roma
Alberto Bueno,CD Leganés
L. Augustinsson,SV Werder Bremen
Nabil El Zhar,CD Leganés
Max Gradel,Hull City
Abdoul Camara,Stade Rennais FC
Alessio Cerci,Granada CF
Alessio Cerci,Bologna FC 1909
S. Sirigu,CA Osasuna
Sardar Azmoun,Villarreal CF
Gerson Acevedo,Red Star Belgrade
Abdoul Camara,Cardiff City
Abdoul Camara,Queens Park Rangers
Gerson Acevedo,Red Star Belgrade Error #transfermarkt #redstar #acevedo
Wesley Hoedt,Leicester City
Odion Ighalo,Changchun Yatai
Jozo Simunovic,Torino FC
Jozo Simunovic,Sunderland AFC
Jozo Simunovic,Crystal Palace
I. Radovanovic,Torino FC
P. Hetemaj,Torino FC
Lucas Castro,Torino FC
A. Pantic,Dynamo Kyiv
Tomas Necid,Legia Warszawa
Reece Oxford,Nottingham Forest
Chung-Yong Lee,Swansea City
Sergio García,RCD Espanyol Barcelona
Andrea Petagna,Inter Milan
Hirving Lozano,SL Benfica
Ross McCormack,Norwich City
A. Yarmolenko,Tottenham Hotspur
A. Yarmolenko,West Bromwich Albion
Kara,Leicester City
Leonardo Ulloa,Galatasaray SK
Juraj Kucka,Beijing Sinobo Guoan
Wayne Rooney,Shanghai Greenland Shenhua
Lazar Mikovic,Galatasaray SK
Daniele Baselli,AS Roma
Godfred Donsah,AS Roma
Yuto Nagatomo,UC Sampdoria
Nikica Jelavic,HNK Rijeka
Josip Ilicic,Leicester City
Sead Kolasinac,Chelsea FC
Mubarak Wakaso,Delfino Pescara 1936
Mubarak Wakaso,Deportivo Alavés
Mubarak Wakaso,Granada CF
Lacina Traoré,Sporting Gijón
Lacina Traoré,Besiktas JK
C. Musonda Jr.,AC Milan
Mouez Hassen,Southampton FC
Ollie Watkins,Derby County
Ollie Watkins,Mansfield Town
Ollie Watkins,Aston Villa
Jacob Bedeau,Aston Villa
Lyanco,Juventus FC
A. Griezmann,Arsenal FC
Gaku Shibasaki,UD Las Palmas
Miguel Veloso,AC Milan
Bozo Mikulic,ACF Fiorentina
Bozo Mikulic,Atalanta BC
Sead Kolasinac,Juventus FC
Rodrigo Caio,SS Lazio
Lisandro López,Swansea City
Henry Onyekuru,Liverpool FC
Nolan Roux,FC Girondins Bordeaux
Y. Sankharé,FC Girondins Bordeaux
Robin Quaison,1.FSV Mainz 05
N. N'Koulou,Hull City
Raouf Compaore,FK Vojvodina Novi Sad
Cesc Fàbregas,AC Milan
C. Tolisso,AC Milan
Valeri Bojinov,FC Zürich
Valeri Bojinov,Trabzonspor
Alexis Sánchez,Atlético Madrid
Luke Freeman,Queens Park Rangers
Nicolás Blandi,Galatasaray SK
Haris Duljevic,Celtic FC
Haris Duljevic,Eintracht Frankfurt
Alessio Cerci,SS Lazio
Rivaldinho,US Latina Calcio
Nikola Kalinic,Borussia Dortmund
Y. Benalouane,FC Nantes
Chancel Mbemba,Crystal Palace
S. Sirigu,Chelsea FC
Lorenco Simic,UC Sampdoria
Federico Barba,UC Sampdoria
J. Paredes,Olympiacos Piraeus
Yanic Wildschut,Derby County
Yanic Wildschut,Norwich City
R. Saponara,ACF Fiorentina
N. N'Koulou,Trabzonspor
Hernanes,Celtic FC
Hernanes,Genoa CFC
Nicolò Barella,AC Milan
Nicolò Barella,Inter Milan
Lorenco Simic,UC Sampdoria
Aymen Abdennour,Olympique Marseille
Leandro Paredes,Leicester City
Leandro Paredes,Watford FC
Leandro Paredes,West Ham United
Leandro Paredes,Tottenham Hotspur
Leandro Paredes,Everton FC
Leandro Paredes,Hull City
Víctor Ibarbo,UC Sampdoria
Víctor Ibarbo,Genoa CFC
Víctor Ibarbo,US Palermo
F. Bernardeschi,Inter Milan
G. Lapadula,Olympique Marseille
Leandro Paredes,Juventus FC
Rodrigo Ely,FC Crotone
Leandro Paredes,Liverpool FC
Leandro Paredes,Arsenal FC
Leandro Paredes,Chelsea FC
Jak Alnwick,Rangers FC
Charlie Adam,Sunderland AFC
Jose Baxter,Everton FC
Cristiano Ronaldo,Inter Milan
S. Giovinco,FC Barcelona
Charlie Wyke,Bradford City
Dele Alli,Manchester United
Grégory Sertic,Olympique Marseille
Rodrigo Ely,SD Eibar
Rodrigo Ely,Deportivo Alavés
V. Milinković-Savić,Ajax Amsterdam
V. Milinković-Savić,SL Benfica
V. Milinković-Savić,Torino FC
J. Farfán,Lokomotiv Moscow
Maicon,Atlanta United FC
Danilo Avelar,AS Monaco
Gerson,LOSC Lille
Davy Pröpper,Zenit St. Petersburg
F. Orellana,Valencia CF
Ravel Morrison,Queens Park Rangers
Serdar Tasci,Southampton FC
A. Paloschi,UC Sampdoria
Ante Budimir,FC Crotone
Lucas Castro,SS Lazio
Alexandre Pato,Tianjin Quanjian
Richmond Boakye,Red Star Belgrade
Jack Grealish,Middlesbrough FC
Danny Rose,Shanghai SIPG
Harry Kane,Shanghai SIPG
Carlton Cole,Notts County
Iago Aspas,Paris Saint-Germain
B. Ivanovic,West Bromwich Albion
Anthony Martial,Sevilla FC
Diego Contento,Sunderland AFC
Josh Doherty,Ards FC
Josh Doherty,Ards FC
Deni Alar,Torino FC
Jorge,AS Monaco
F. Jozefzoon,Brentford FC
E. Gonçalves,Heart of Midlothian FC
Josh Lelan,Crawley Town
Brad Guzan,Atlanta United FC
A. Ranocchia,Swansea City
Antoni Sarcevic,Plymouth Argyle
Isco,FC Barcelona
Robin Quaison,Juventus FC
Sime Vrsaljko,Juventus FC
Anthony Martial,Chelsea FC
G. Simeone,Sevilla FC
G. Simeone,Villarreal CF
Carlos Carmona,APOEL Nicosia
Dusan Vlahovic,UC Sampdoria
Felipe Anderson,Inter Milan
R. van Persie,São Paulo Futebol Clube
B. Ivanovic,Zenit St. Petersburg
Robbie Brady,Crystal Palace
G. Ramírez,Leicester City
Youssef Msakni,LOSC Lille
F. Andrijasevic,Standard Liège
Fernando Gago,Clube Atlético Mineiro
Fernando Gago,AC Milan
Bryan Oviedo,Sunderland AFC
Neil Taylor,Sunderland AFC
Darron Gibson,Crystal Palace
Danny Ward,Queens Park Rangers
Ariel Borysiuk,Lechia Gdansk
Julian Brandt,AC Milan
Julian Brandt,Juventus FC
Pepe,Hebei China Fortune
Cesc Fàbregas,Inter Milan
Cesc Fàbregas,Juventus FC
Hélder Costa,Wolverhampton Wanderers
Islam Slimani,Tianjin Quanjian
Islam Slimani,Tianjin Teda
Anthony Martial,Olympique Marseille
Anthony Martial,Paris Saint-Germain
Álvaro Morata,Arsenal FC
Álvaro Morata,Chelsea FC
Stefan de Vrij,Tottenham Hotspur
Robin Quaison,UC Sampdoria
F. Muslera,Chelsea FC
Lucas Ocampos,AC Milan
Charlie Adam,Fenerbahce SK
Robin Quaison,Watford FC
James McCarthy,Crystal Palace
James McCarthy,Newcastle United
Youssef Msakni,Olympique Marseille
R. Álvarez,Celta de Vigo
Cristian Pavón,Ajax Amsterdam
J. Martínez,Leicester City
Reece Oxford,Rangers FC
Yann M'Vila,Crystal Palace
Jerome Sinclair,Ipswich Town
Jerome Sinclair,Brentford FC
Jerome Sinclair,Nottingham Forest
Federico Chiesa,Inter Milan
Luiz Gustavo,AC Milan
Craig Gordon,Chelsea FC
M'Baye Niang,Watford FC
Chuba Akpom,Aston Villa
R. Snodgrass,Burnley FC
J. Spector,Orlando City SC
Ivan Ivanov,Lokomotiv Plovdiv
Ivan Ivanov,CSKA Sofia
Ivan Ivanov,Gaziantepspor
Ivan Ivanov,APOEL Nicosia
C. Samba,Crystal Palace
Ivan Ivanov,Levski Sofia
Ivan Ivanov,Arsenal Tula
Adriano,Boavista Sport Club (RJ)
Filip Benkovic,Newcastle United
Ante Coric,Newcastle United
Thanos Petsos,Fulham FC
Leon Bailey,Bayer 04 Leverkusen
Kyle Butler,Bayer 04 Leverkusen
Leon Bailey,AS Roma
Leon Bailey,SSC Napoli
Leon Bailey,Hull City
Leon Bailey,Liverpool FC
Leon Bailey,Manchester United
Leonardo Ulloa,Deportivo Alavés
S. Coulibaly,El Ahly Cairo
S. Coulibaly,Zamalek SC
Josh Murphy,Wolverhampton Wanderers
Jem Karacan,Norwich City
Diego López,Chelsea FC
Omar Bogle,Derby County
Vincent Thill,Bayern Munich
Tony Gallacher,Manchester United
Tony Gallacher,Manchester City
Tony Gallacher,Liverpool FC
Modou Barrow,Newcastle United
Ben Osborn,Newcastle United
Vincent Thill,Arsenal FC
Lucas Biglia,Inter Milan
Demba Ba,Besiktas JK
Alexandre Pato,Galatasaray SK
M'Baye Niang,Torino FC
M'Baye Niang,Genoa CFC
Patrice Evra,Olympique Marseille
Oscar Hiljemark,Torino FC
Marcos Guilherme,GNK Dinamo Zagreb
Rodrigo Palacio,Atalanta BC
M'Baye Niang,Crystal Palace
M'Baye Niang,Everton FC
Darko Lazovic,AC Milan
Maxi López,Racing Club de Avellaneda
Maxi López,Calcio Catania
Tony Gallacher,FC Barcelona
Miroslav Kacer,SSC Napoli
Luka Belic,NK Celje 
Alen Halilovic,UD Las Palmas
J. Calleri,UD Las Palmas
W. Carvalho,Liverpool FC
I. Radovanovic,Shenzhen FC
I. Radovanovic,Wuhan Zall
B. Dickenson,Ipswich Town
Marcos Guilherme,GNK Dinamo Zagreb
Leon Bailey,Bayer 04 Leverkusen
Senna Miangue,FC Crotone
Tom Heaton,Manchester City
Tom Heaton,Liverpool FC
B. Galloway,Derby County
Davide Santon,UC Sampdoria
R. Bentancur,Juventus FC
Dani Alves,Shanghai SIPG
Dani Alves,Hebei China Fortune
Dani Alves,Tianjin Quanjian
Eduardo Vargas,Galatasaray SK
Andros Townsend,Newcastle United
Jack Wilshere,AS Roma
Lazar Markovic,UC Sampdoria
Davy Roef,Deportivo de La Coruña
Rubén,RSC Anderlecht
A. Paloschi,US Sassuolo
I. Nestorovski,US Sassuolo
G. Defrel,AS Roma
Gonçalo Guedes,AS Monaco
Didier Drogba,South Melbourne FC
Vladimir Rodic,Red Star Belgrade
L. Milivojevic,Hull City
Antonio Cassano,ACF Fiorentina
Patrice Evra,Olympique Lyon
L. Milivojevic,Sunderland AFC
L. Milivojevic,Watford FC
L. Milivojevic,Southampton FC
Gonçalo Guedes,Paris Saint-Germain
Danilo Pereira,Arsenal FC
A. Pinamonti,Tottenham Hotspur
Jordan Rhodes,Sheffield Wednesday
B. Ivanovic,Everton FC
P. van Aanholt,Crystal Palace
Lazar Markovic,Hull City
Martin Skrtel,Zenit St. Petersburg
A. Ranocchia,Zenit St. Petersburg
Didier Drogba,Sport Club Corinthians Paulista
G. van der Wiel,Hull City
Dimitri Payet,OGC Nice
Maxi López,FC Crotone
Nenad Milijas,Red Star Belgrade
B. Schweinsteiger,Fenerbahce SK
Robbie Brady,AFC Bournemouth
Dele Alli,Real Madrid
Oliver Burke,Crystal Palace
Oliver Burke,Middlesbrough FC
Michael Keane,Everton FC
Michael Keane,Manchester City
Kara,Southampton FC
Kara,Sevilla FC
Kara,Sunderland AFC
Nélson Semedo,Chelsea FC
Sergio Agüero,Inter Milan
Emre Can,Juventus FC
L. Pokorný,HSC Montpellier
Craig Slater,Sheffield United
Nathan Holland,West Ham United
Mauro Zárate,Watford FC
Juan Bernat,Manchester City
C. Budescu,Steaua Bucharest
Alin Tosca,Real Betis Balompié
A. Touré,Sunderland AFC
A. Touré,Borussia Mönchengladbach
A. Touré,1. FC Köln
A. Touré,UC Sampdoria
A. Gnoukouri,US Palermo
A. Gnoukouri,FC Crotone
K. Kirilenko,RasenBallsport Leipzig
Amari'i Bell,Aston Villa
Amari'i Bell,Norwich City
Amari'i Bell,Crystal Palace
Serge Gnabry,Bayern Munich
Ivan Perisic,Manchester United
Ivan Perisic,Liverpool FC
Ivan Perisic,Chelsea FC
Stefan de Vrij,Manchester United
Stefan de Vrij,Chelsea FC
James Hanson,Sheffield United
James Bree,Southampton FC
James Bree,Aston Villa
Kasper Dolberg,Manchester United
Ivan Perisic,West Ham United
G. Sigurdsson,West Ham United
Jack Wilshere,AC Milan
G. Donnarumma,Juventus FC
G. Donnarumma,Chelsea FC
James Hanson,Sheffield Wednesday
David N'Gog,CSKA Sofia
David N'Gog,Boavista Porto FC
David N'Gog,UD Almería
Pablo Mouche,Olimpia Asunción
R. Rodríguez,Olympique Marseille
Vladimir Djilas,FK Partizan Belgrade
Valeri Bojinov,FK Gabala
Mario Mandzukic,Tianjin Quanjian
Adam Lallana,Paris Saint-Germain
Alexander Isak,Borussia Dortmund
Alexander Isak,Real Madrid
Jonathan Cafú,SS Lazio
Franck Kessié,Paris Saint-Germain
Bernd Leno,Inter Milan
Wendell,Inter Milan
Djibril Sidibé,FC Barcelona
Maxime López,FC Barcelona
Robbie Brady,Burnley FC
E. Yablonski,FK Orenburg
Matija Nastasic,Zenit St. Petersburg
Steven Taylor,Ipswich Town
Jesé,Middlesbrough FC
Kasper Dolberg,Borussia Dortmund
Barrie McKay,RasenBallsport Leipzig
Franck Kessié,Inter Milan
Franck Kessié,Juventus FC
Franck Kessié,AS Roma
Mohamed Yattara,AJ Auxerre
Franck Kessié,Arsenal FC
Franck Kessié,Manchester United
Mahmoud Dahoud,FC Barcelona
Ashley Young,Shandong Luneng Taishan
Joleon Lescott,Sunderland AFC
Kalu Uche,Wisla Kraków
Kamil  Jonkisz,Rozwój Katowice
Tomasz Wandzik,Rozwój Katowice
R. Zaborowski,Rozwój Katowice
Kamil Glik,Guangzhou Evergrande Taobao
Luis Hernández,Málaga CF
Martin Terrier,Everton FC
Neven Subotic,Hamburger SV
Y. Carrasco,Chelsea FC
Asmir Begovic,AFC Bournemouth
Razvan Marin,Standard Liège
Florin Andone,ACF Fiorentina
Alberto Bueno,CD Leganés
Diego Capel,CD Leganés
Alex Pritchard,Burnley FC
Isco,Arsenal FC
Marko Grujic,Real Betis Balompié
P. Cowan-Hall,Wycombe Wanderers
Lyanco,FC Porto
F. Mattiello,Delfino Pescara 1936
Gastón Brugman,KRC Genk
Jonny Hayes,Cardiff City
Thomas Phibel,Aytemiz Alanyaspor
Leonardo Ulloa,Deportivo Alavés
Vitor Bueno,LOSC Lille
Gaëtan Laborde,West Ham United
Marco Verratti,Bayern Munich
Marco Verratti,Juventus FC
Ronaldinho Gaúcho,Coritiba Foot Ball Club
Julian Korb,Southampton FC
